Date,Value
2001-09-04,186846.0
2001-09-05,186921.0
2001-09-06,186921.0
2001-09-07,187090.0
2001-09-10,187090.0
2001-09-11,187135.0
2001-09-12,187135.0
2001-09-13,187135.0
2001-09-14,187135.0
2001-09-17,189160.0
2001-09-18,189874.0
2001-09-19,190833.0
2001-09-20,192451.0
2001-09-21,192936.0
2001-09-24,194673.0
2001-09-25,195360.0
2001-09-26,197614.0
2001-09-27,198233.0
2001-09-28,199584.0
2001-10-01,200263.0
2001-10-02,200821.0
2001-10-03,201390.0
2001-10-04,201611.0
2001-10-05,201656.0
2001-10-08,202364.0
2001-10-09,202661.0
2001-10-10,203449.0
2001-10-11,204182.0
2001-10-12,204935.0
2001-10-15,205081.0
2001-10-16,205448.0
2001-10-17,206094.0
2001-10-18,206799.0
2001-10-19,207352.0
2001-10-22,207909.0
2001-10-23,208337.0
2001-10-24,208929.0
2001-10-25,209324.0
2001-10-26,210010.0
2001-10-29,210484.0
2001-10-30,210957.0
2001-10-31,210957.0
2001-11-01,211928.0
2001-11-02,211928.0
2001-11-05,211928.0
2001-11-06,213029.0
2001-11-07,213029.0
2001-11-08,214870.0
2001-11-09,214870.0
2001-11-12,216780.0
2001-11-13,218206.0
2001-11-14,219233.0
2001-11-15,219233.0
2001-11-16,222325.0
2001-11-19,223933.0
2001-11-20,224595.0
2001-11-21,226771.0
2001-11-23,226771.0
2001-11-26,229603.0
2001-11-27,230485.0
2001-11-28,231105.0
2001-11-29,233223.0
2001-11-30,236506.0
2001-12-03,238456.0
2001-12-04,238869.0
2001-12-05,238869.0
2001-12-06,240848.0
2001-12-07,242486.0
2001-12-10,243959.0
2001-12-11,246049.0
2001-12-12,246585.0
2001-12-13,248337.0
2001-12-14,251241.0
2001-12-17,254939.0
2001-12-18,256366.0
2001-12-19,258230.0
2001-12-20,259402.0
2001-12-21,261919.0
2001-12-24,261919.0
2001-12-26,265423.0
2001-12-27,266137.0
2001-12-28,267223.0
2001-12-31,268750.0
2002-01-02,269191.0
2002-01-03,269406.0
2002-01-04,269709.0
2002-01-07,270075.0
2002-01-08,270198.0
2002-01-09,270198.0
2002-01-10,270634.0
2002-01-11,270977.0
2002-01-14,271596.0
2002-01-15,272436.0
2002-01-16,273303.0
2002-01-17,273693.0
2002-01-18,274306.0
2002-01-22,276131.0
2002-01-23,276959.0
2002-01-24,278674.0
2002-01-25,279592.0
2002-01-28,281382.0
2002-01-29,282751.0
2002-01-30,283697.0
2002-01-31,284462.0
2002-02-01,284838.0
2002-02-04,284838.0
2002-02-05,285502.0
2002-02-06,286187.0
2002-02-07,286570.0
2002-02-08,287100.0
2002-02-11,287585.0
2002-02-12,287891.0
2002-02-13,289343.0
2002-02-14,293410.0
2002-02-15,293941.0
2002-02-19,296493.0
2002-02-20,297053.0
2002-02-21,298263.0
2002-02-22,298410.0
2002-02-25,299623.0
2002-02-26,300350.0
2002-02-27,303190.0
2002-02-28,303566.0
2002-03-01,304017.0
2002-03-04,304016.0
2002-03-05,304261.0
2002-03-06,305646.0
2002-03-07,305691.0
2002-03-08,305736.0
2002-03-11,305781.0
2002-03-12,306505.0
2002-03-13,306903.0
2002-03-14,307560.0
2002-03-15,308085.0
2002-03-18,308473.0
2002-03-19,309119.0
2002-03-20,309514.0
2002-03-21,309614.0
2002-03-22,309681.0
2002-03-25,310462.0
2002-03-26,311012.0
2002-03-27,311674.0
2002-03-28,312502.0
2002-04-01,314104.0
2002-04-02,314165.0
2002-04-03,314634.0
2002-04-04,314956.0
2002-04-05,315289.0
2002-04-08,315524.0
2002-04-09,315711.0
2002-04-10,316498.0
2002-04-11,316693.0
2002-04-12,316910.0
2002-04-15,317000.0
2002-04-16,317088.0
2002-04-17,317223.0
2002-04-18,317681.0
2002-04-19,317681.0
2002-04-22,318429.0
2002-04-23,319061.0
2002-04-24,320220.0
2002-04-25,320907.0
2002-04-26,321231.0
2002-04-29,322104.0
2002-04-30,325808.0
2002-05-01,326016.0
2002-05-02,326441.0
2002-05-03,326675.0
2002-05-06,326833.0
2002-05-07,326883.0
2002-05-08,327035.0
2002-05-09,327035.0
2002-05-10,328127.0
2002-05-13,328858.0
2002-05-14,328906.0
2002-05-15,329388.0
2002-05-16,329933.0
2002-05-17,330260.0
2002-05-20,330938.0
2002-05-21,331548.0
2002-05-22,332408.0
2002-05-23,332408.0
2002-05-24,333943.0
2002-05-28,334586.0
2002-05-29,334886.0
2002-05-30,335602.0
2002-05-31,336770.0
2002-06-03,337372.0
2002-06-04,337748.0
2002-06-05,338098.0
2002-06-06,338378.0
2002-06-07,338488.0
2002-06-10,338510.0
2002-06-11,338578.0
2002-06-12,339568.0
2002-06-13,340733.0
2002-06-14,341497.0
2002-06-17,343881.0
2002-06-18,344233.0
2002-06-19,345414.0
2002-06-20,346653.0
2002-06-21,348209.0
2002-06-24,349364.0
2002-06-25,350990.0
2002-06-26,352699.0
2002-06-27,353892.0
2002-06-28,355273.0
2002-07-01,355683.0
2002-07-02,355994.0
2002-07-03,357124.0
2002-07-05,357124.0
2002-07-08,358922.0
2002-07-09,360125.0
2002-07-10,362249.0
2002-07-11,363230.0
2002-07-12,364332.0
2002-07-15,365148.0
2002-07-16,366217.0
2002-07-17,366985.0
2002-07-18,368108.0
2002-07-19,368198.0
2002-07-22,368359.0
2002-07-23,368359.0
2002-07-24,370019.0
2002-07-25,370019.0
2002-07-26,371182.0
2002-07-29,372313.0
2002-07-30,372707.0
2002-07-31,372707.0
2002-08-01,374625.0
2002-08-02,374625.0
2002-08-05,374625.0
2002-08-06,374670.0
2002-08-07,374467.0
2002-08-08,374170.0
2002-08-09,373721.0
2002-08-12,373410.0
2002-08-13,373416.0
2002-08-14,373168.0
2002-08-15,374046.0
2002-08-16,374092.0
2002-08-19,374519.0
2002-08-20,374520.0
2002-08-21,374520.0
2002-08-22,374763.0
2002-08-23,374573.0
2002-08-26,374744.0
2002-08-27,375046.0
2002-08-28,375508.0
2002-08-29,375516.0
2002-08-30,375666.0
2002-09-03,375925.0
2002-09-04,375777.0
2002-09-05,375649.0
2002-09-06,375758.0
2002-09-09,375608.0
2002-09-10,375989.0
2002-09-11,376081.0
2002-09-12,376125.0
2002-09-13,376465.0
2002-09-16,375845.0
2002-09-17,376307.0
2002-09-18,376030.0
2002-09-19,376383.0
2002-09-20,376380.0
2002-09-23,376846.0
2002-09-24,377130.0
2002-09-25,377130.0
2002-09-26,378841.0
2002-09-27,379191.0
2002-09-30,379982.0
2002-10-01,380309.0
2002-10-02,380546.0
2002-10-03,380724.0
2002-10-04,380786.0
2002-10-07,380681.0
2002-10-08,380749.0
2002-10-09,381457.0
2002-10-10,382157.0
2002-10-11,382202.0
2002-10-14,382094.0
2002-10-15,381814.0
2002-10-16,381715.0
2002-10-17,381808.0
2002-10-18,381574.0
2002-10-21,381574.0
2002-10-22,381317.0
2002-10-23,381390.0
2002-10-24,381306.0
2002-10-25,381438.0
2002-10-28,381454.0
2002-10-29,381457.0
2002-10-30,381395.0
2002-10-31,381459.0
2002-11-01,381589.0
2002-11-04,381589.0
2002-11-05,381461.0
2002-11-06,381358.0
2002-11-07,381191.0
2002-11-08,380981.0
2002-11-11,381026.0
2002-11-12,381086.0
2002-11-13,381165.0
2002-11-14,381165.0
2002-11-15,381350.0
2002-11-18,381376.0
2002-11-19,381447.0
2002-11-20,381447.0
2002-11-21,381923.0
2002-11-22,382066.0
2002-11-25,382370.0
2002-11-26,382370.0
2002-11-27,382686.0
2002-12-02,382753.0
2002-12-03,382753.0
2002-12-04,383348.0
2002-12-05,383578.0
2002-12-06,383578.0
2002-12-09,385196.0
2002-12-10,387513.0
2002-12-11,388602.0
2002-12-12,388602.0
2002-12-13,390796.0
2002-12-16,392341.0
2002-12-17,392691.0
2002-12-18,392691.0
2002-12-19,393677.0
2002-12-20,394443.0
2002-12-23,394443.0
2002-12-24,396214.0
2002-12-26,397215.0
2002-12-27,397215.0
2002-12-30,398717.0
2002-12-31,399341.0
2003-01-02,399341.0
2003-01-03,399368.0
2003-01-06,399458.0
2003-01-07,399458.0
2003-01-08,399306.0
2003-01-09,399058.0
2003-01-10,398500.0
2003-01-13,398584.0
2003-01-14,397993.0
2003-01-15,399228.0
2003-01-16,399232.0
2003-01-17,398658.0
2003-01-21,397788.0
2003-01-22,397788.0
2003-01-23,397859.0
2003-01-24,397982.0
2003-01-27,397364.0
2003-01-28,397972.0
2003-01-29,397972.0
2003-01-30,397710.0
2003-01-31,398751.0
2003-02-03,395163.0
2003-02-04,395163.0
2003-02-05,392527.0
2003-02-06,391173.0
2003-02-07,389718.0
2003-02-10,389718.0
2003-02-11,386818.0
2003-02-12,386818.0
2003-02-13,384757.0
2003-02-14,384761.0
2003-02-18,383164.0
2003-02-19,381930.0
2003-02-20,381930.0
2003-02-21,380935.0
2003-02-24,379251.0
2003-02-25,379251.0
2003-02-26,377473.0
2003-02-27,375957.0
2003-02-28,374707.0
2003-03-03,374707.0
2003-03-04,373669.0
2003-03-05,372679.0
2003-03-06,372229.0
2003-03-07,371779.0
2003-03-10,371307.0
2003-03-11,370811.0
2003-03-12,370811.0
2003-03-13,369668.0
2003-03-14,369240.0
2003-03-17,368769.0
2003-03-18,368769.0
2003-03-19,367779.0
2003-03-20,367779.0
2003-03-21,366879.0
2003-03-24,366341.0
2003-03-25,366138.0
2003-03-26,365433.0
2003-03-27,365178.0
2003-03-28,364803.0
2003-03-31,363725.0
2003-04-01,362749.0
2003-04-02,362225.0
2003-04-03,361619.0
2003-04-04,360916.0
2003-04-07,360916.0
2003-04-08,360532.0
2003-04-09,360467.0
2003-04-10,359782.0
2003-04-11,359566.0
2003-04-14,358800.0
2003-04-15,358800.0
2003-04-16,356954.0
2003-04-17,356954.0
2003-04-21,355673.0
2003-04-22,355106.0
2003-04-23,355106.0
2003-04-24,353693.0
2003-04-25,352642.0
2003-04-28,351931.0
2003-04-29,351180.0
2003-04-30,351180.0
2003-05-01,350025.0
2003-05-02,349328.0
2003-05-05,348273.0
2003-05-06,347749.0
2003-05-07,347749.0
2003-05-08,346141.0
2003-05-09,345267.0
2003-05-12,344911.0
2003-05-13,344683.0
2003-05-14,343534.0
2003-05-15,343210.0
2003-05-16,342399.0
2003-05-19,341007.0
2003-05-20,341007.0
2003-05-21,340229.0
2003-05-22,339001.0
2003-05-23,338923.0
2003-05-27,337902.0
2003-05-28,337114.0
2003-05-29,337243.0
2003-05-30,336728.0
2003-06-02,334734.0
2003-06-03,333889.0
2003-06-04,333060.0
2003-06-05,332320.0
2003-06-06,330931.0
2003-06-09,330291.0
2003-06-10,329704.0
2003-06-11,329704.0
2003-06-12,327914.0
2003-06-13,327402.0
2003-06-16,326063.0
2003-06-17,325460.0
2003-06-18,324627.0
2003-06-19,324476.0
2003-06-20,322977.0
2003-06-23,322030.0
2003-06-24,321747.0
2003-06-25,321454.0
2003-06-26,321454.0
2003-06-27,321200.0
2003-06-30,321200.0
2003-07-01,320453.0
2003-07-02,320453.0
2003-07-03,319937.0
2003-07-07,318989.0
2003-07-08,318989.0
2003-07-09,318028.0
2003-07-10,318028.0
2003-07-11,317368.0
2003-07-14,316228.0
2003-07-15,316228.0
2003-07-16,315426.0
2003-07-17,314944.0
2003-07-21,313289.0
2003-07-22,312567.0
2003-07-23,312071.0
2003-07-24,311578.0
2003-07-25,311172.0
2003-07-28,311175.0
2003-07-29,311220.0
2003-07-30,311220.0
2003-07-31,311220.0
2003-08-01,311265.0
2003-08-04,311116.0
2003-08-05,310759.0
2003-08-06,310625.0
2003-08-07,310439.0
2003-08-08,310102.0
2003-08-11,309810.0
2003-08-12,308977.0
2003-08-13,308574.0
2003-08-14,307941.0
2003-08-15,307941.0
2003-08-18,307288.0
2003-08-19,306185.0
2003-08-20,305661.0
2003-08-21,305113.0
2003-08-22,304664.0
2003-08-25,304847.0
2003-08-26,304499.0
2003-08-27,304402.0
2003-08-28,304402.0
2003-08-29,304034.0
2003-09-01,304034.0
2003-09-02,303922.0
2003-09-03,303766.0
2003-09-04,303766.0
2003-09-05,302825.0
2003-09-08,302255.0
2003-09-09,302385.0
2003-09-10,302189.0
2003-09-11,301810.0
2003-09-12,301327.0
2003-09-15,301124.0
2003-09-16,300764.0
2003-09-17,299987.0
2003-09-18,299920.0
2003-09-19,299000.0
2003-09-22,298865.0
2003-09-23,298790.0
2003-09-24,298493.0
2003-09-25,298493.0
2003-09-26,298493.0
2003-09-29,298480.0
2003-09-30,299000.0
2003-10-01,299000.0
2003-10-02,298819.0
2003-10-03,298695.0
2003-10-06,298557.0
2003-10-07,298298.0
2003-10-08,298126.0
2003-10-09,297751.0
2003-10-10,297688.0
2003-10-13,297312.0
2003-10-14,297312.0
2003-10-15,297312.0
2003-10-16,297194.0
2003-10-17,296929.0
2003-10-20,296391.0
2003-10-21,296170.0
2003-10-22,296170.0
2003-10-23,295485.0
2003-10-24,295192.0
2003-10-27,295011.0
2003-10-28,294855.0
2003-10-29,294645.0
2003-10-30,294445.0
2003-10-31,294422.0
2003-11-03,294422.0
2003-11-04,294422.0
2003-11-05,294422.0
2003-11-06,294422.0
2003-11-07,294422.0
2003-11-10,294422.0
2003-11-11,294225.0
2003-11-12,294070.0
2003-11-13,293873.0
2003-11-14,293673.0
2003-11-17,293316.0
2003-11-18,292657.0
2003-11-19,292283.0
2003-11-20,291937.0
2003-11-21,291153.0
2003-11-24,290660.0
2003-11-25,289965.0
2003-11-26,289257.0
2003-11-27,289257.0
2003-11-28,289257.0
2003-12-01,288632.0
2003-12-02,288786.0
2003-12-03,288052.0
2003-12-04,288052.0
2003-12-05,287408.0
2003-12-08,287320.0
2003-12-09,286911.0
2003-12-10,286429.0
2003-12-11,286277.0
2003-12-12,285757.0
2003-12-15,285068.0
2003-12-16,284409.0
2003-12-17,283929.0
2003-12-18,283108.0
2003-12-19,282791.0
2003-12-22,282473.0
2003-12-23,281990.0
2003-12-24,281542.0
2003-12-25,281542.0
2003-12-26,281542.0
2003-12-29,281542.0
2003-12-30,281251.0
2003-12-31,280938.0
2004-01-01,280938.0
2004-01-02,280938.0
2004-01-05,280726.0
2004-01-06,279648.0
2004-01-07,278897.0
2004-01-08,278567.0
2004-01-09,277760.0
2004-01-12,277571.0
2004-01-13,276569.0
2004-01-14,276002.0
2004-01-15,275247.0
2004-01-16,275179.0
2004-01-19,275179.0
2004-01-20,273326.0
2004-01-21,270629.0
2004-01-22,269760.0
2004-01-23,268469.0
2004-01-26,266959.0
2004-01-27,265633.0
2004-01-28,264567.0
2004-01-29,263505.0
2004-01-30,263140.0
2004-02-02,261754.0
2004-02-03,261754.0
2004-02-04,260847.0
2004-02-05,259567.0
2004-02-06,258813.0
2004-02-09,257937.0
2004-02-10,257176.0
2004-02-11,256505.0
2004-02-12,255625.0
2004-02-13,254681.0
2004-02-16,254681.0
2004-02-17,252128.0
2004-02-18,250496.0
2004-02-19,249168.0
2004-02-20,248099.0
2004-02-23,246528.0
2004-02-24,245678.0
2004-02-25,244314.0
2004-02-26,242703.0
2004-02-27,241606.0
2004-03-01,241606.0
2004-03-02,240157.0
2004-03-03,239025.0
2004-03-04,238249.0
2004-03-05,237358.0
2004-03-08,236357.0
2004-03-09,234779.0
2004-03-10,233938.0
2004-03-11,233376.0
2004-03-12,232903.0
2004-03-15,231818.0
2004-03-16,229556.0
2004-03-17,228172.0
2004-03-18,226640.0
2004-03-19,224936.0
2004-03-22,223333.0
2004-03-23,222037.0
2004-03-24,221233.0
2004-03-25,219204.0
2004-03-26,217807.0
2004-03-29,216580.0
2004-03-30,214736.0
2004-03-31,213288.0
2004-04-01,212223.0
2004-04-02,211266.0
2004-04-05,209570.0
2004-04-06,207873.0
2004-04-07,206814.0
2004-04-08,204074.0
2004-04-09,204074.0
2004-04-12,202960.0
2004-04-13,199495.0
2004-04-14,197513.0
2004-04-15,195226.0
2004-04-16,193316.0
2004-04-19,191622.0
2004-04-20,189855.0
2004-04-21,188409.0
2004-04-22,185152.0
2004-04-23,182692.0
2004-04-26,180130.0
2004-04-27,178251.0
2004-04-28,175807.0
2004-04-29,173900.0
2004-04-30,171691.0
2004-05-03,169738.0
2004-05-04,168268.0
2004-05-05,166232.0
2004-05-06,163117.0
2004-05-07,160663.0
2004-05-10,158477.0
2004-05-11,156753.0
2004-05-12,155320.0
2004-05-13,153725.0
2004-05-14,150766.0
2004-05-17,148627.0
2004-05-18,146556.0
2004-05-19,144846.0
2004-05-20,142937.0
2004-05-21,141451.0
2004-05-24,139284.0
2004-05-25,136538.0
2004-05-26,134908.0
2004-05-27,133256.0
2004-05-28,131818.0
2004-05-31,131818.0
2004-06-01,130663.0
2004-06-02,129348.0
2004-06-03,127568.0
2004-06-04,126189.0
2004-06-07,124020.0
2004-06-08,121542.0
2004-06-09,119918.0
2004-06-10,118227.0
2004-06-15,113789.0
2004-06-16,112243.0
2004-06-17,110060.0
2004-06-18,108910.0
2004-06-21,107157.0
2004-06-22,105340.0
2004-06-23,103256.0
2004-06-24,101705.0
2004-06-25,99958.0
2004-06-28,97609.0
2004-06-29,96044.0
2004-06-30,95082.0
2004-07-01,94044.0
2004-07-02,92940.0
2004-07-05,92940.0
2004-07-06,92635.0
2004-07-07,91912.0
2004-07-08,91022.0
2004-07-09,90215.0
2004-07-12,89313.0
2004-07-13,88216.0
2004-07-14,87760.0
2004-07-15,87437.0
2004-07-16,87132.0
2004-07-19,86569.0
2004-07-20,85856.0
2004-07-21,85307.0
2004-07-22,84650.0
2004-07-23,83918.0
2004-07-26,82884.0
2004-07-27,82316.0
2004-07-28,80971.0
2004-07-29,79852.0
2004-07-30,79015.0
2004-08-02,78132.0
2004-08-03,77299.0
2004-08-04,76528.0
2004-08-05,75538.0
2004-08-06,74759.0
2004-08-09,73637.0
2004-08-10,73111.0
2004-08-11,72228.0
2004-08-12,71782.0
2004-08-13,71074.0
2004-08-16,70402.0
2004-08-17,69846.0
2004-08-18,68983.0
2004-08-19,68171.0
2004-08-20,67454.0
2004-08-23,66977.0
2004-08-24,66413.0
2004-08-25,65883.0
2004-08-26,64716.0
2004-08-27,64042.0
2004-08-30,62993.0
2004-08-31,62314.0
2004-09-01,61619.0
2004-09-02,60604.0
2004-09-03,59763.0
2004-09-06,59763.0
2004-09-07,59134.0
2004-09-08,58287.0
2004-09-09,57513.0
2004-09-10,56883.0
2004-09-13,56040.0
2004-09-14,55440.0
2004-09-15,54765.0
2004-09-16,53916.0
2004-09-17,54140.0
2004-09-20,53615.0
2004-09-21,52645.0
2004-09-22,52296.0
2004-09-23,51742.0
2004-09-24,51195.0
2004-09-27,50782.0
2004-09-28,50269.0
2004-09-29,49704.0
2004-09-30,49478.0
2004-10-01,49231.0
2004-10-04,48809.0
2004-10-05,48378.0
2004-10-06,47724.0
2004-10-07,47475.0
2004-10-08,46885.0
2004-10-11,46195.0
2004-10-12,45654.0
2004-10-13,45311.0
2004-10-14,45359.0
2004-10-15,45518.0
2004-10-18,45761.0
2004-10-19,45977.0
2004-10-20,46155.0
2004-10-21,46300.0
2004-10-22,46300.0
2004-10-25,46300.0
2004-10-26,46098.0
2004-10-27,45720.0
2004-10-28,45495.0
2004-10-29,45495.0
2004-11-01,45342.0
2004-11-02,45280.0
2004-11-03,44594.0
2004-11-04,44060.0
2004-11-05,43543.0
2004-11-08,43352.0
2004-11-11,42281.0
2004-11-12,42021.0
2004-11-15,41861.0
2004-11-16,41640.0
2004-11-17,41356.0
2004-11-18,41415.0
2004-11-19,41648.0
2004-11-22,42135.0
2004-11-23,42625.0
2004-11-24,43025.0
2004-11-25,43025.0
2004-11-26,43025.0
2004-11-29,42859.0
2004-11-30,42859.0
2004-12-01,41970.0
2004-12-02,41453.0
2004-12-03,39252.0
2004-12-06,38817.0
2004-12-07,38246.0
2004-12-08,37719.0
2004-12-09,37270.0
2004-12-10,36784.0
2004-12-13,36780.0
2004-12-14,37275.0
2004-12-15,37749.0
2004-12-16,38463.0
2004-12-17,39704.0
2004-12-20,39704.0
2004-12-21,43516.0
2004-12-22,45214.0
2004-12-23,46040.0
2004-12-24,46040.0
2004-12-27,47240.0
2004-12-28,47240.0
2004-12-29,48203.0
2004-12-30,48203.0
2004-12-31,48203.0
2005-01-03,48547.0
2005-01-04,48455.0
2005-01-05,48455.0
2005-01-06,48455.0
2005-01-07,48455.0
2005-01-10,48455.0
2005-01-11,48455.0
2005-01-12,48455.0
2005-01-13,48447.0
2005-01-14,48447.0
2005-01-17,48447.0
2005-01-18,48447.0
2005-01-19,48147.0
2005-01-20,47981.0
2005-01-21,47437.0
2005-01-24,47415.0
2005-01-25,46289.0
2005-01-26,46289.0
2005-01-27,45817.0
2005-01-28,45817.0
2005-01-31,45817.0
2005-02-01,45817.0
2005-02-02,45817.0
2005-02-03,45817.0
2005-02-04,45817.0
2005-02-07,45817.0
2005-02-08,45817.0
2005-02-09,45618.0
2005-02-10,45389.0
2005-02-11,45376.0
2005-02-14,45376.0
2005-02-15,46027.0
2005-02-16,46527.0
2005-02-17,46716.0
2005-02-18,46727.0
2005-02-21,46727.0
2005-02-22,46727.0
2005-02-23,46815.0
2005-02-24,46815.0
2005-02-25,46815.0
2005-02-28,46815.0
2005-03-01,46815.0
2005-03-02,46681.0
2005-03-03,46636.0
2005-03-04,46520.0
2005-03-07,46520.0
2005-03-08,46367.0
2005-03-09,46098.0
2005-03-10,45575.0
2005-03-11,45620.0
2005-03-14,45620.0
2005-03-15,45395.0
2005-03-16,45395.0
2005-03-17,45395.0
2005-03-18,45395.0
2005-03-21,45171.0
2005-03-22,44999.0
2005-03-23,44999.0
2005-03-24,44700.0
2005-03-25,44700.0
2005-03-28,44511.0
2005-03-29,44278.0
2005-03-30,43860.0
2005-03-31,43348.0
2005-04-01,42963.0
2005-04-04,42490.0
2005-04-05,41762.0
2005-04-06,40917.0
2005-04-07,40254.0
2005-04-08,39353.0
2005-04-11,38973.0
2005-04-12,38350.0
2005-04-13,37557.0
2005-04-14,36558.0
2005-04-15,35598.0
2005-04-18,34142.0
2005-04-19,33248.0
2005-04-20,33248.0
2005-04-21,32258.0
2005-04-22,32047.0
2005-04-25,31872.0
2005-04-26,31267.0
2005-04-27,30788.0
2005-04-28,30551.0
2005-04-29,30116.0
2005-05-02,29856.0
2005-05-03,29340.0
2005-05-04,28842.0
2005-05-05,28493.0
2005-05-06,28328.0
2005-05-09,28051.0
2005-05-10,27991.0
2005-05-11,27729.0
2005-05-12,27575.0
2005-05-13,27509.0
2005-05-16,27404.0
2005-05-17,26946.0
2005-05-18,26324.0
2005-05-19,25982.0
2005-05-20,25354.0
2005-05-23,24737.0
2005-05-24,24145.0
2005-05-25,23248.0
2005-05-26,22878.0
2005-05-27,22474.0
2005-05-30,22474.0
2005-05-31,22260.0
2005-06-01,22030.0
2005-06-02,21602.0
2005-06-03,21218.0
2005-06-06,20779.0
2005-06-07,20349.0
2005-06-08,19821.0
2005-06-09,19112.0
2005-06-10,18772.0
2005-06-13,18298.0
2005-06-14,18011.0
2005-06-15,17685.0
2005-06-16,17162.0
2005-06-17,16898.0
2005-06-20,16314.0
2005-06-21,16030.0
2005-06-22,15683.0
2005-06-23,15377.0
2005-06-24,15380.0
2005-06-27,15366.0
2005-06-28,15270.0
2005-06-29,15319.0
2005-06-30,15297.0
2005-07-01,15269.0
2005-07-04,15269.0
2005-07-05,15232.0
2005-07-06,15189.0
2005-07-07,15062.0
2005-07-08,14738.0
2005-07-11,14584.0
2005-07-12,14451.0
2005-07-13,14363.0
2005-07-14,14259.0
2005-07-15,13911.0
2005-07-18,13595.0
2005-07-19,13574.0
2005-07-20,13284.0
2005-07-21,12912.0
2005-07-22,12507.0
2005-07-25,12172.0
2005-07-26,11970.0
2005-07-27,11727.0
2005-07-28,11218.0
2005-07-29,10992.0
2005-08-01,10677.0
2005-08-02,10489.0
2005-08-03,10288.0
2005-08-04,10092.0
2005-08-05,9926.0
2005-08-08,9486.0
2005-08-09,9354.0
2005-08-10,8979.0
2005-08-11,8789.0
2005-08-12,8387.0
2005-08-15,8085.0
2005-08-16,8004.0
2005-08-17,8112.0
2005-08-18,8283.0
2005-08-19,8412.0
2005-08-22,8579.0
2005-08-23,8776.0
2005-08-24,8923.0
2005-08-25,8998.0
2005-08-26,9164.0
2005-08-29,9286.0
2005-08-30,9286.0
2005-08-31,9286.0
2005-09-01,9519.0
2005-09-02,9606.0
2005-09-05,9606.0
2005-09-06,9626.0
2005-09-07,9754.0
2005-09-08,9709.0
2005-09-09,9722.0
2005-09-12,9722.0
2005-09-13,9632.0
2005-09-14,9667.0
2005-09-15,9663.0
2005-09-16,9429.0
2005-09-19,9272.0
2005-09-20,9080.0
2005-09-21,8949.0
2005-09-22,8867.0
2005-09-23,8450.0
2005-09-26,8074.0
2005-09-27,7815.0
2005-09-28,7700.0
2005-09-29,7611.0
2005-09-30,7201.0
2005-10-03,7119.0
2005-10-04,6661.0
2005-10-05,6282.0
2005-10-06,5887.0
2005-10-07,5454.0
2005-10-10,4981.0
2005-10-11,4686.0
2005-10-12,4452.0
2005-10-13,4024.0
2005-10-14,3922.0
2005-10-17,3859.0
2005-10-18,3690.0
2005-10-19,3690.0
2005-10-20,3690.0
2005-10-21,3690.0
2005-10-24,3690.0
2005-10-25,3690.0
2005-10-26,3690.0
2005-10-27,3690.0
2005-10-28,3690.0
2005-10-31,3690.0
2005-11-01,3690.0
2005-11-02,3690.0
2005-11-03,3690.0
2005-11-04,3690.0
2005-11-07,3690.0
2005-11-08,3690.0
2005-11-09,3690.0
2005-11-10,3690.0
2005-11-11,3690.0
2005-11-14,3690.0
2005-11-15,3690.0
2005-11-16,3690.0
2005-11-17,3690.0
2005-11-18,3681.0
2005-11-21,3681.0
2005-11-22,3681.0
2005-11-23,3681.0
2005-11-24,3681.0
2005-11-25,3681.0
2005-11-28,3681.0
2005-11-29,3681.0
2005-11-30,3681.0
2005-12-01,3681.0
2005-12-02,3681.0
2005-12-05,3681.0
2005-12-06,3681.0
2005-12-07,3681.0
2005-12-08,3681.0
2005-12-09,3681.0
2005-12-12,3681.0
2005-12-13,3681.0
2005-12-14,3681.0
2005-12-15,3681.0
2005-12-16,3931.0
2005-12-19,4259.0
2005-12-20,4380.0
2005-12-21,4588.0
2005-12-22,6404.0
2005-12-23,6404.0
2005-12-26,6404.0
2005-12-27,6752.0
2005-12-28,6752.0
2005-12-29,6814.0
2005-12-30,6814.0
2006-01-02,6814.0
2006-01-03,6814.0
2006-01-04,7426.0
2006-01-05,7762.0
2006-01-06,7762.0
2006-01-09,7762.0
2006-01-10,7762.0
2006-01-11,7762.0
2006-01-12,7762.0
2006-01-13,7762.0
2006-01-16,7762.0
2006-01-17,7762.0
2006-01-18,7762.0
2006-01-19,7762.0
2006-01-20,8420.0
2006-01-23,8863.0
2006-01-24,9180.0
2006-01-25,9180.0
2006-01-26,10058.0
2006-01-27,11758.0
2006-01-30,11608.0
2006-01-31,11653.0
2006-02-01,11653.0
2006-02-02,11653.0
2006-02-03,11628.0
2006-02-06,29850.0
2006-02-07,45649.0
2006-02-08,45569.0
2006-02-09,44911.0
2006-02-10,44168.0
2006-02-13,42777.0
2006-02-14,33527.0
2006-02-15,33212.0
2006-02-16,33319.0
2006-02-17,32553.0
2006-02-20,32553.0
2006-02-21,31857.0
2006-02-22,31316.0
2006-02-23,33101.0
2006-02-24,32897.0
2006-02-27,33196.0
2006-02-28,31026.0
2006-03-01,30421.0
2006-03-02,30378.0
2006-03-03,30137.0
2006-03-06,38596.0
2006-03-07,38443.0
2006-03-08,36746.0
2006-03-09,38130.0
2006-03-10,37873.0
2006-03-13,33888.0
2006-03-14,31233.0
2006-03-15,30957.0
2006-03-16,30961.0
2006-03-17,30041.0
2006-03-20,29494.0
2006-03-21,28877.0
2006-03-22,28272.0
2006-03-23,28148.0
2006-03-24,28104.0
2006-03-27,27474.0
2006-03-28,36846.0
2006-03-29,36383.0
2006-03-30,35877.0
2006-03-31,35285.0
2006-04-03,20667.0
2006-04-04,20109.0
2006-04-05,19916.0
2006-04-06,19625.0
2006-04-07,19389.0
2006-04-10,19020.0
2006-04-11,18565.0
2006-04-12,18119.0
2006-04-13,17920.0
2006-04-14,17920.0
2006-04-17,18195.0
2006-04-18,17940.0
2006-04-19,17832.0
2006-04-20,17565.0
2006-04-21,17484.0
2006-04-24,17479.0
2006-04-25,17479.0
2006-04-26,17682.0
2006-04-27,17632.0
2006-04-28,17132.0
2006-05-01,16674.0
2006-05-02,16318.0
2006-05-03,15779.0
2006-05-04,15722.0
2006-05-05,15202.0
2006-05-08,14876.0
2006-05-09,14565.0
2006-05-10,14250.0
2006-05-11,13912.0
2006-05-12,13437.0
2006-05-15,12953.0
2006-05-16,12468.0
2006-05-17,11923.0
2006-05-18,11531.0
2006-05-19,11331.0
2006-05-22,10830.0
2006-05-23,10671.0
2006-05-24,10536.0
2006-05-25,10065.0
2006-05-26,10182.0
2006-05-29,10182.0
2006-05-30,10208.0
2006-05-31,9544.0
2006-06-01,9478.0
2006-06-02,9092.0
2006-06-05,9071.0
2006-06-06,9071.0
2006-06-07,9026.0
2006-06-08,8951.0
2006-06-09,8930.0
2006-06-12,8842.0
2006-06-13,8842.0
2006-06-14,8646.0
2006-06-15,7929.0
2006-06-16,7584.0
2006-06-19,7537.0
2006-06-20,7493.0
2006-06-21,7481.0
2006-06-22,7417.0
2006-06-23,7396.0
2006-06-26,7396.0
2006-06-27,8174.0
2006-06-28,8174.0
2006-06-29,8174.0
2006-06-30,7903.0
2006-07-03,7903.0
2006-07-04,7903.0
2006-07-05,7903.0
2006-07-06,7796.0
2006-07-07,7796.0
2006-07-10,7796.0
2006-07-11,7796.0
2006-07-12,7796.0
2006-07-13,7510.0
2006-07-14,7468.0
2006-07-17,7186.0
2006-07-18,7144.0
2006-07-19,7144.0
2006-07-20,7144.0
2006-07-21,7144.0
2006-07-24,7144.0
2006-07-25,6767.0
2006-07-26,6767.0
2006-07-27,6767.0
2006-07-28,6756.0
2006-07-31,6756.0
2006-08-01,6756.0
2006-08-02,6756.0
2006-08-03,6756.0
2006-08-04,6756.0
2006-08-07,6756.0
2006-08-08,6756.0
2006-08-09,6756.0
2006-08-10,6756.0
2006-08-11,6756.0
2006-08-14,6756.0
2006-08-15,6756.0
2006-08-16,6756.0
2006-08-17,6955.0
2006-08-18,7511.0
2006-08-21,8693.0
2006-08-22,8693.0
2006-08-23,9640.0
2006-08-24,11112.0
2006-08-25,11386.0
2006-08-28,12413.0
2006-08-29,12440.0
2006-08-30,12440.0
2006-08-31,12377.0
2006-09-01,11788.0
2006-09-04,11788.0
2006-09-05,11542.0
2006-09-06,11943.0
2006-09-07,12088.0
2006-09-08,11958.0
2006-09-11,13330.0
2006-09-12,14897.0
2006-09-13,15748.0
2006-09-14,14180.0
2006-09-15,14775.0
2006-09-18,15263.0
2006-09-19,17523.0
2006-09-20,18091.0
2006-09-21,19546.0
2006-09-22,20627.0
2006-09-25,20978.0
2006-09-26,21326.0
2006-09-27,20855.0
2006-09-28,20646.0
2006-09-29,20360.0
2006-10-02,20113.0
2006-10-03,20293.0
2006-10-04,20953.0
2006-10-05,21376.0
2006-10-06,21592.0
2006-10-09,21198.0
2006-10-10,21568.0
2006-10-11,22354.0
2006-10-12,22202.0
2006-10-13,23210.0
2006-10-16,22630.0
2006-10-17,22299.0
2006-10-18,22336.0
2006-10-19,22206.0
2006-10-20,22467.0
2006-10-23,22651.0
2006-10-24,22651.0
2006-10-25,23104.0
2006-10-26,23163.0
2006-10-27,23363.0
2006-10-30,23206.0
2006-10-31,23244.0
2006-11-01,23102.0
2006-11-02,23174.0
2006-11-03,23642.0
2006-11-06,24958.0
2006-11-07,25505.0
2006-11-08,25664.0
2006-11-09,24692.0
2006-11-10,24826.0
2006-11-13,25789.0
2006-11-14,26092.0
2006-11-15,25818.0
2006-11-16,25903.0
2006-11-17,27961.0
2006-11-20,27923.0
2006-11-21,28968.0
2006-11-22,28840.0
2006-11-23,28840.0
2006-11-24,28840.0
2006-11-27,29784.0
2006-11-28,30864.0
2006-11-29,30948.0
2006-11-30,31627.0
2006-12-01,31299.0
2006-12-04,31899.0
2006-12-05,32201.0
2006-12-06,32111.0
2006-12-07,32196.0
2006-12-08,32209.0
2006-12-11,32651.0
2006-12-12,32651.0
2006-12-13,34326.0
2006-12-14,31725.0
2006-12-15,31752.0
2006-12-18,32539.0
2006-12-19,32385.0
2006-12-20,31867.0
2006-12-21,32333.0
2006-12-22,32883.0
2006-12-25,32883.0
2006-12-26,33582.0
2006-12-27,34071.0
2006-12-28,34078.0
2006-12-29,34078.0
2007-01-01,34078.0
2007-01-02,34078.0
2007-01-03,33995.0
2007-01-04,33995.0
2007-01-05,35321.0
2007-01-08,35670.0
2007-01-09,36070.0
2007-01-10,36186.0
2007-01-11,36108.0
2007-01-12,36403.0
2007-01-15,36403.0
2007-01-16,36445.0
2007-01-17,36216.0
2007-01-18,36687.0
2007-01-19,36679.0
2007-01-22,36410.0
2007-01-23,36410.0
2007-01-24,36410.0
2007-01-25,36410.0
2007-01-26,36410.0
2007-01-29,36410.0
2007-01-30,36135.0
2007-01-31,35969.0
2007-02-01,36169.0
2007-02-02,36169.0
2007-02-05,36169.0
2007-02-06,36643.0
2007-02-07,36643.0
2007-02-08,36643.0
2007-02-09,36485.0
2007-02-12,36189.0
2007-02-13,35903.0
2007-02-14,35881.0
2007-02-15,35881.0
2007-02-16,36357.0
2007-02-19,36357.0
2007-02-20,36631.0
2007-02-21,36631.0
2007-02-22,36631.0
2007-02-23,36631.0
2007-02-26,36994.0
2007-02-27,36994.0
2007-02-28,36994.0
2007-03-01,36994.0
2007-03-02,36994.0
2007-03-05,36994.0
2007-03-06,36994.0
2007-03-07,36994.0
2007-03-08,36994.0
2007-03-09,36994.0
2007-03-12,36762.0
2007-03-13,36435.0
2007-03-14,36435.0
2007-03-15,35907.0
2007-03-16,35706.0
2007-03-19,35558.0
2007-03-20,35770.0
2007-03-21,36565.0
2007-03-22,36501.0
2007-03-23,36115.0
2007-03-26,36115.0
2007-03-27,36556.0
2007-03-28,36438.0
2007-03-29,36438.0
2007-03-30,36438.0
2007-04-02,36438.0
2007-04-03,36386.0
2007-04-04,36355.0
2007-04-05,36355.0
2007-04-06,36355.0
2007-04-09,36355.0
2007-04-10,36355.0
2007-04-11,36311.0
2007-04-12,35870.0
2007-04-13,35908.0
2007-04-16,35796.0
2007-04-17,35646.0
2007-04-18,35624.0
2007-04-19,35358.0
2007-04-20,35187.0
2007-04-23,35064.0
2007-04-24,34940.0
2007-04-25,34793.0
2007-04-26,33925.0
2007-04-27,33695.0
2007-04-30,33149.0
2007-05-01,33071.0
2007-05-02,33003.0
2007-05-03,32839.0
2007-05-04,32506.0
2007-05-07,32506.0
2007-05-08,32282.0
2007-05-09,31993.0
2007-05-10,31529.0
2007-05-11,31529.0
2007-05-14,31529.0
2007-05-15,31379.0
2007-05-16,31379.0
2007-05-17,31379.0
2007-05-18,31379.0
2007-05-21,30916.0
2007-05-22,30881.0
2007-05-23,30621.0
2007-05-24,30227.0
2007-05-25,29473.0
2007-05-28,29473.0
2007-05-29,29145.0
2007-05-30,28191.0
2007-05-31,27500.0
2007-06-01,27188.0
2007-06-04,26983.0
2007-06-05,26680.0
2007-06-06,26591.0
2007-06-07,26456.0
2007-06-08,26113.0
2007-06-11,26113.0
2007-06-12,25843.0
2007-06-13,25170.0
2007-06-14,24830.0
2007-06-15,24342.0
2007-06-18,24165.0
2007-06-19,23808.0
2007-06-20,23302.0
2007-06-21,23057.0
2007-06-22,22746.0
2007-06-25,22569.0
2007-06-26,22487.0
2007-06-27,22347.0
2007-06-28,22123.0
2007-06-29,22123.0
2007-07-02,22123.0
2007-07-03,22123.0
2007-07-04,22123.0
2007-07-05,22123.0
2007-07-06,22123.0
2007-07-09,22076.0
2007-07-10,21989.0
2007-07-11,21877.0
2007-07-12,21808.0
2007-07-13,21628.0
2007-07-16,21494.0
2007-07-17,21360.0
2007-07-18,21065.0
2007-07-19,20952.0
2007-07-20,20679.0
2007-07-23,20814.0
2007-07-24,22820.0
2007-07-25,22728.0
2007-07-26,22594.0
2007-07-27,22288.0
2007-07-30,22021.0
2007-07-31,21879.0
2007-08-01,21767.0
2007-08-02,21655.0
2007-08-03,21655.0
2007-08-06,21655.0
2007-08-07,21655.0
2007-08-08,21655.0
2007-08-09,21655.0
2007-08-10,21655.0
2007-08-13,21655.0
2007-08-14,21341.0
2007-08-15,21244.0
2007-08-16,21244.0
2007-08-17,21244.0
2007-08-20,20897.0
2007-08-21,20760.0
2007-08-22,20912.0
2007-08-23,20908.0
2007-08-24,20705.0
2007-08-27,20705.0
2007-08-28,20705.0
2007-08-29,20705.0
2007-08-30,20705.0
2007-08-31,20705.0
2007-09-03,20705.0
2007-09-04,20705.0
2007-09-05,20692.0
2007-09-06,20692.0
2007-09-07,20692.0
2007-09-10,20692.0
2007-09-11,20518.0
2007-09-12,20518.0
2007-09-13,20518.0
2007-09-14,20458.0
2007-09-17,20317.0
2007-09-18,20275.0
2007-09-19,20193.0
2007-09-20,20115.0
2007-09-21,20115.0
2007-09-24,20115.0
2007-09-25,20115.0
2007-09-26,20115.0
2007-09-27,20115.0
2007-09-28,20115.0
2007-10-01,20115.0
2007-10-02,20115.0
2007-10-03,20115.0
2007-10-04,20115.0
2007-10-05,20115.0
2007-10-08,20115.0
2007-10-09,19941.0
2007-10-10,19557.0
2007-10-11,19557.0
2007-10-12,19557.0
2007-10-15,19557.0
2007-10-16,19557.0
2007-10-17,19557.0
2007-10-18,19557.0
2007-10-19,19557.0
2007-10-22,19557.0
2007-10-23,19557.0
2007-10-24,19557.0
2007-10-25,19557.0
2007-10-26,19557.0
2007-10-29,19557.0
2007-10-30,19570.0
2007-10-31,19570.0
2007-11-01,19225.0
2007-11-02,19095.0
2007-11-05,18965.0
2007-11-06,18948.0
2007-11-07,18948.0
2007-11-08,18948.0
2007-11-09,18948.0
2007-11-12,18948.0
2007-11-13,18948.0
2007-11-14,18948.0
2007-11-15,18675.0
2007-11-16,18585.0
2007-11-19,18337.0
2007-11-20,17981.0
2007-11-21,17981.0
2007-11-22,17981.0
2007-11-23,17981.0
2007-11-26,17981.0
2007-11-27,17981.0
2007-11-28,17981.0
2007-11-29,17981.0
2007-11-30,17981.0
2007-12-03,17981.0
2007-12-04,17968.0
2007-12-05,17743.0
2007-12-06,17383.0
2007-12-07,17383.0
2007-12-10,17023.0
2007-12-11,16889.0
2007-12-12,16551.0
2007-12-13,16372.0
2007-12-14,16194.0
2007-12-17,15924.0
2007-12-18,15634.0
2007-12-19,15296.0
2007-12-20,15184.0
2007-12-21,15115.0
2007-12-24,15115.0
2007-12-25,15115.0
2007-12-26,15383.0
2007-12-27,15604.0
2007-12-28,15494.0
2007-12-31,15230.0
2008-01-01,15230.0
2008-01-02,15317.0
2008-01-03,15091.0
2008-01-04,14931.0
2008-01-07,14926.0
2008-01-08,14611.0
2008-01-09,14611.0
2008-01-10,14391.0
2008-01-11,14231.0
2008-01-14,14177.0
2008-01-15,14078.0
2008-01-16,14078.0
2008-01-17,14078.0
2008-01-18,14056.0
2008-01-21,14056.0
2008-01-22,14056.0
2008-01-23,14056.0
2008-01-24,14036.0
2008-01-25,14036.0
2008-01-28,13978.0
2008-01-29,13978.0
2008-01-30,13978.0
2008-01-31,13978.0
2008-02-01,13978.0
2008-02-04,13978.0
2008-02-05,13978.0
2008-02-06,13978.0
2008-02-07,13978.0
2008-02-08,13978.0
2008-02-11,13978.0
2008-02-12,13978.0
2008-02-13,13978.0
2008-02-14,13978.0
2008-02-15,13978.0
2008-02-18,13978.0
2008-02-19,13978.0
2008-02-20,13978.0
2008-02-21,13978.0
2008-02-22,13978.0
2008-02-25,13889.0
2008-02-26,13551.0
2008-02-27,13304.0
2008-02-28,13101.0
2008-02-29,13080.0
2008-03-03,12998.0
2008-03-04,12998.0
2008-03-05,12910.0
2008-03-06,12752.0
2008-03-07,12640.0
2008-03-10,12519.0
2008-03-11,12519.0
2008-03-12,12519.0
2008-03-13,12474.0
2008-03-14,12474.0
2008-03-17,12474.0
2008-03-18,12474.0
2008-03-19,12407.0
2008-03-20,12340.0
2008-03-21,12340.0
2008-03-24,13978.0
2008-03-25,12340.0
2008-03-26,12230.0
2008-03-27,12230.0
2008-03-28,12060.0
2008-03-31,11931.0
2008-04-01,11931.0
2008-04-02,11931.0
2008-04-03,11931.0
2008-04-04,11931.0
2008-04-07,11931.0
2008-04-08,11931.0
2008-04-09,11931.0
2008-04-10,11931.0
2008-04-11,11931.0
2008-04-14,11931.0
2008-04-15,11931.0
2008-04-16,11931.0
2008-04-17,11931.0
2008-04-18,11931.0
2008-04-21,11498.0
2008-04-22,11457.0
2008-04-23,11457.0
2008-04-24,10827.0
2008-04-25,10827.0
2008-04-28,10827.0
2008-04-29,10827.0
2008-04-30,10827.0
2008-05-01,10827.0
2008-05-02,10827.0
2008-05-05,10827.0
2008-05-06,10827.0
2008-05-07,10827.0
2008-05-08,10827.0
2008-05-09,10827.0
2008-05-12,10827.0
2008-05-13,10827.0
2008-05-14,10827.0
2008-05-15,10760.0
2008-05-16,10658.0
2008-05-19,10416.0
2008-05-20,10597.0
2008-05-21,10621.0
2008-05-22,10819.0
2008-05-23,10819.0
2008-05-26,10819.0
2008-05-27,11027.0
2008-05-28,11027.0
2008-05-29,11027.0
2008-05-30,11027.0
2008-06-02,11051.0
2008-06-03,11051.0
2008-06-04,11051.0
2008-06-05,11051.0
2008-06-06,11051.0
2008-06-09,11051.0
2008-06-10,11051.0
2008-06-11,11040.0
2008-06-12,11040.0
2008-06-13,11040.0
2008-06-16,11040.0
2008-06-17,11040.0
2008-06-18,11040.0
2008-06-19,11040.0
2008-06-20,11040.0
2008-06-23,11040.0
2008-06-24,11040.0
2008-06-25,11040.0
2008-06-26,11040.0
2008-06-27,11040.0
2008-06-30,11040.0
2008-07-01,10926.0
2008-07-02,10299.0
2008-07-03,10254.0
2008-07-04,10254.0
2008-07-07,10079.0
2008-07-08,9811.0
2008-07-09,9678.0
2008-07-10,9037.0
2008-07-11,9037.0
2008-07-14,8421.0
2008-07-15,8129.0
2008-07-16,7969.0
2008-07-17,7857.0
2008-07-18,7700.0
2008-07-21,7498.0
2008-07-22,7323.0
2008-07-23,7167.0
2008-07-24,7123.0
2008-07-25,7123.0
2008-07-28,7123.0
2008-07-29,6838.0
2008-07-30,6838.0
2008-07-31,6323.0
2008-08-01,6300.0
2008-08-04,6300.0
2008-08-05,6100.0
2008-08-06,5838.0
2008-08-07,5747.0
2008-08-08,5689.0
2008-08-11,5563.0
2008-08-12,5563.0
2008-08-13,5563.0
2008-08-14,5563.0
2008-08-15,5563.0
2008-08-18,5407.0
2008-08-19,5407.0
2008-08-20,5390.0
2008-08-21,5390.0
2008-08-22,5390.0
2008-08-25,5390.0
2008-08-26,5390.0
2008-08-27,5390.0
2008-08-28,5390.0
2008-08-29,5390.0
2008-09-01,5390.0
2008-09-02,5390.0
2008-09-03,5390.0
2008-09-04,5390.0
2008-09-05,5390.0
2008-09-08,5390.0
2008-09-09,5390.0
2008-09-10,5390.0
2008-09-11,5390.0
2008-09-12,5390.0
2008-09-15,5390.0
2008-09-16,7600.0
2008-09-17,8286.0
2008-09-18,8696.0
2008-09-19,8696.0
2008-09-22,8696.0
2008-09-23,9921.0
2008-09-24,9921.0
2008-09-25,9921.0
2008-09-26,9921.0
2008-09-29,9921.0
2008-09-30,9921.0
2008-10-01,9921.0
2008-10-02,9921.0
2008-10-03,9921.0
2008-10-06,9921.0
2008-10-07,9741.0
2008-10-08,9654.0
2008-10-09,9564.0
2008-10-10,9426.0
2008-10-13,9426.0
2008-10-14,9091.0
2008-10-15,8762.0
2008-10-16,8342.0
2008-10-17,8165.0
2008-10-20,7923.0
2008-10-21,7767.0
2008-10-22,8578.0
2008-10-23,8578.0
2008-10-24,9452.0
2008-10-27,9892.0
2008-10-28,9892.0
2008-10-29,9892.0
2008-10-30,9892.0
2008-10-31,9891.0
2008-11-03,9891.0
2008-11-04,9891.0
2008-11-05,9891.0
2008-11-06,9891.0
2008-11-07,9891.0
2008-11-10,9891.0
2008-11-11,9891.0
2008-11-12,9891.0
2008-11-13,9891.0
2008-11-14,10064.0
2008-11-17,11252.0
2008-11-18,11252.0
2008-11-19,12075.0
2008-11-20,13802.0
2008-11-21,13802.0
2008-11-24,14656.0
2008-11-25,16215.0
2008-11-26,16780.0
2008-11-27,16780.0
2008-11-28,16780.0
2008-12-01,16780.0
2008-12-02,16780.0
2008-12-03,17113.0
2008-12-04,17113.0
2008-12-05,17113.0
2008-12-08,17113.0
2008-12-09,18306.0
2008-12-10,18306.0
2008-12-11,18306.0
2008-12-12,19665.0
2008-12-15,19665.0
2008-12-16,23121.0
2008-12-17,24487.0
2008-12-18,25369.0
2008-12-19,26039.0
2008-12-22,29731.0
2008-12-23,31083.0
2008-12-24,31083.0
2008-12-25,31083.0
2008-12-26,34030.0
2008-12-29,34143.0
2008-12-30,34254.0
2008-12-31,34514.0
2009-01-01,34514.0
2009-01-02,34514.0
2009-01-05,34579.0
2009-01-06,34600.0
2009-01-07,34995.0
2009-01-08,35344.0
2009-01-09,35257.0
2009-01-12,35257.0
2009-01-13,35300.0
2009-01-14,35740.0
2009-01-15,36612.0
2009-01-16,36720.0
2009-01-19,36720.0
2009-01-20,36960.0
2009-01-21,38055.0
2009-01-22,38535.0
2009-01-23,38535.0
2009-01-26,39609.0
2009-01-27,39934.0
2009-01-28,40240.0
2009-01-29,40240.0
2009-01-30,40240.0
2009-02-02,41255.0
2009-02-03,40905.0
2009-02-04,40805.0
2009-02-05,40848.0
2009-02-06,41051.0
2009-02-09,41212.0
2009-02-10,41212.0
2009-02-11,41258.0
2009-02-12,41258.0
2009-02-13,41347.0
2009-02-16,41347.0
2009-02-17,41752.0
2009-02-18,41931.0
2009-02-19,42110.0
2009-02-20,42292.0
2009-02-23,43952.0
2009-02-24,44158.0
2009-02-25,44337.0
2009-02-26,44404.0
2009-02-27,45305.0
2009-03-02,45329.0
2009-03-03,45329.0
2009-03-04,45319.0
2009-03-05,45319.0
2009-03-06,44441.0
2009-03-09,44441.0
2009-03-10,44441.0
2009-03-11,44441.0
2009-03-12,44441.0
2009-03-13,44441.0
2009-03-16,44441.0
2009-03-17,44441.0
2009-03-18,44441.0
2009-03-19,44441.0
2009-03-20,44441.0
2009-03-23,44441.0
2009-03-24,44461.0
2009-03-25,44763.0
2009-03-26,45121.0
2009-03-27,45774.0
2009-03-30,45881.0
2009-03-31,46186.0
2009-04-01,46476.0
2009-04-02,46723.0
2009-04-03,47031.0
2009-04-06,47031.0
2009-04-07,47117.0
2009-04-08,47245.0
2009-04-09,47245.0
2009-04-10,47245.0
2009-04-13,47415.0
2009-04-14,47435.0
2009-04-15,47500.0
2009-04-16,47544.0
2009-04-17,47608.0
2009-04-20,47608.0
2009-04-21,47671.0
2009-04-22,47671.0
2009-04-23,47565.0
2009-04-24,47556.0
2009-04-27,48056.0
2009-04-28,48056.0
2009-04-29,48056.0
2009-04-30,48056.0
2009-05-01,48056.0
2009-05-04,48056.0
2009-05-05,48056.0
2009-05-06,48056.0
2009-05-07,48056.0
2009-05-08,48056.0
2009-05-11,48740.0
2009-05-12,48847.0
2009-05-13,49232.0
2009-05-14,49511.0
2009-05-15,49583.0
2009-05-18,50516.0
2009-05-19,51074.0
2009-05-20,51711.0
2009-05-21,52501.0
2009-05-22,53062.0
2009-05-25,53062.0
2009-05-26,53924.0
2009-05-27,54129.0
2009-05-28,55682.0
2009-05-29,55664.0
2009-06-01,55825.0
2009-06-02,56030.0
2009-06-03,56814.0
2009-06-04,56818.0
2009-06-05,57239.0
2009-06-08,57486.0
2009-06-09,57513.0
2009-06-10,58484.0
2009-06-11,58523.0
2009-06-12,59472.0
2009-06-15,59487.0
2009-06-16,59523.0
2009-06-17,59778.0
2009-06-18,60138.0
2009-06-19,60225.0
2009-06-22,60225.0
2009-06-23,60060.0
2009-06-24,59765.0
2009-06-25,59596.0
2009-06-26,59795.0
2009-06-29,59795.0
2009-06-30,59795.0
2009-07-01,59795.0
2009-07-02,59795.0
2009-07-03,59795.0
2009-07-06,59795.0
2009-07-07,59645.0
2009-07-08,59284.0
2009-07-09,59284.0
2009-07-10,59330.0
2009-07-13,59374.0
2009-07-14,59251.0
2009-07-15,59251.0
2009-07-16,59251.0
2009-07-17,59251.0
2009-07-20,59119.0
2009-07-21,58556.0
2009-07-22,57335.0
2009-07-23,56971.0
2009-07-24,56779.0
2009-07-27,56192.0
2009-07-28,55799.0
2009-07-29,55672.0
2009-07-30,55196.0
2009-07-31,54957.0
2009-08-03,54746.0
2009-08-04,54580.0
2009-08-05,54068.0
2009-08-06,54205.0
2009-08-07,54112.0
2009-08-10,54175.0
2009-08-11,53951.0
2009-08-12,53688.0
2009-08-13,53392.0
2009-08-14,53299.0
2009-08-17,53250.0
2009-08-18,52923.0
2009-08-19,52585.0
2009-08-20,52467.0
2009-08-21,52411.0
2009-08-24,52484.0
2009-08-25,52686.0
2009-08-26,52870.0
2009-08-27,52981.0
2009-08-28,52981.0
2009-08-31,53209.0
2009-09-01,53280.0
2009-09-02,53280.0
2009-09-03,53461.0
2009-09-04,53534.0
2009-09-07,53534.0
2009-09-08,53580.0
2009-09-09,52754.0
2009-09-10,52604.0
2009-09-11,53306.0
2009-09-14,53174.0
2009-09-15,52974.0
2009-09-16,52938.0
2009-09-17,53099.0
2009-09-18,53122.0
2009-09-21,53122.0
2009-09-22,53194.0
2009-09-23,53378.0
2009-09-24,53750.0
2009-09-25,53842.0
2009-09-28,53633.0
2009-09-29,53645.0
2009-09-30,53483.0
2009-10-01,53604.0
2009-10-02,53673.0
2009-10-05,53790.0
2009-10-06,53969.0
2009-10-07,54483.0
2009-10-08,55027.0
2009-10-09,55661.0
2009-10-12,56019.0
2009-10-13,56442.0
2009-10-14,56717.0
2009-10-15,56852.0
2009-10-16,57033.0
2009-10-19,57318.0
2009-10-20,57691.0
2009-10-21,58085.0
2009-10-22,58374.0
2009-10-23,58658.0
2009-10-26,59028.0
2009-10-27,59811.0
2009-10-28,60494.0
2009-10-29,61465.0
2009-10-30,61949.0
2009-11-02,62200.0
2009-11-03,62423.0
2009-11-04,63592.0
2009-11-05,64160.0
2009-11-06,65003.0
2009-11-09,65590.0
2009-11-10,66612.0
2009-11-11,67986.0
2009-11-12,69354.0
2009-11-13,70675.0
2009-11-16,71542.0
2009-11-17,73127.0
2009-11-18,74732.0
2009-11-19,76210.0
2009-11-20,77161.0
2009-11-23,77761.0
2009-11-24,80549.0
2009-11-25,82696.0
2009-11-26,82696.0
2009-11-27,83121.0
2009-11-30,85691.0
2009-12-01,86995.0
2009-12-02,88119.0
2009-12-03,88543.0
2009-12-04,89296.0
2009-12-07,89794.0
2009-12-08,90520.0
2009-12-09,91093.0
2009-12-10,91307.0
2009-12-11,92610.0
2009-12-14,93208.0
2009-12-15,93755.0
2009-12-16,94489.0
2009-12-17,96105.0
2009-12-18,95513.0
2009-12-21,96189.0
2009-12-22,97194.0
2009-12-23,98021.0
2009-12-24,98506.0
2009-12-25,98506.0
2009-12-28,98486.0
2009-12-29,98823.0
2009-12-30,99160.0
2009-12-31,99182.0
2010-01-01,99182.0
2010-01-04,99462.0
2010-01-05,99368.0
2010-01-06,99368.0
2010-01-07,99368.0
2010-01-08,99392.0
2010-01-11,99365.0
2010-01-12,99440.0
2010-01-13,99641.0
2010-01-14,99917.0
2010-01-15,100217.0
2010-01-18,100217.0
2010-01-19,100764.0
2010-01-20,101359.0
2010-01-21,101715.0
2010-01-22,102003.0
2010-01-25,102259.0
2010-01-26,102748.0
2010-01-27,103160.0
2010-01-28,103510.0
2010-01-29,103620.0
2010-02-01,103620.0
2010-02-02,103975.0
2010-02-03,104648.0
2010-02-04,105164.0
2010-02-05,105206.0
2010-02-08,105206.0
2010-02-09,104968.0
2010-02-10,104834.0
2010-02-11,104616.0
2010-02-12,104464.0
2010-02-15,104464.0
2010-02-16,104464.0
2010-02-17,104464.0
2010-02-18,104464.0
2010-02-19,104327.0
2010-02-22,104253.0
2010-02-23,104010.0
2010-02-24,103873.0
2010-02-25,103596.0
2010-02-26,103260.0
2010-03-01,102648.0
2010-03-02,102354.0
2010-03-03,102255.0
2010-03-04,102192.0
2010-03-05,102192.0
2010-03-08,102192.0
2010-03-09,102192.0
2010-03-10,102176.0
2010-03-11,102138.0
2010-03-12,102138.0
2010-03-15,102138.0
2010-03-16,101875.0
2010-03-17,101835.0
2010-03-18,101723.0
2010-03-19,101723.0
2010-03-22,101723.0
2010-03-23,102012.0
2010-03-24,101688.0
2010-03-25,101468.0
2010-03-26,101446.0
2010-03-29,101336.0
2010-03-30,101103.0
2010-03-31,101103.0
2010-04-01,101103.0
2010-04-02,101103.0
2010-04-05,101128.0
2010-04-06,101128.0
2010-04-07,101128.0
2010-04-08,101128.0
2010-04-09,101128.0
2010-04-12,101128.0
2010-04-13,101128.0
2010-04-14,101128.0
2010-04-15,101128.0
2010-04-16,101128.0
2010-04-19,101128.0
2010-04-20,101128.0
2010-04-21,101128.0
2010-04-22,101128.0
2010-04-23,101128.0
2010-04-26,101128.0
2010-04-27,101128.0
2010-04-28,101128.0
2010-04-29,101128.0
2010-04-30,101151.0
2010-05-03,101151.0
2010-05-04,101151.0
2010-05-05,101151.0
2010-05-06,101151.0
2010-05-07,101220.0
2010-05-10,101220.0
2010-05-11,101242.0
2010-05-12,101242.0
2010-05-13,101242.0
2010-05-14,101242.0
2010-05-17,101242.0
2010-05-18,101242.0
2010-05-19,101242.0
2010-05-20,101242.0
2010-05-21,101242.0
2010-05-24,101242.0
2010-05-25,101358.0
2010-05-26,101472.0
2010-05-27,101632.0
2010-05-28,101791.0
2010-05-31,101791.0
2010-06-01,101928.0
2010-06-02,101998.0
2010-06-03,102087.0
2010-06-04,102110.0
2010-06-07,102110.0
2010-06-08,102110.0
2010-06-09,102110.0
2010-06-10,102110.0
2010-06-11,102110.0
2010-06-14,101925.0
2010-06-15,101925.0
2010-06-16,101925.0
2010-06-17,101925.0
2010-06-18,101925.0
2010-06-21,101925.0
2010-06-22,101925.0
2010-06-23,101925.0
2010-06-24,101925.0
2010-06-25,101925.0
2010-06-28,101925.0
2010-06-29,101925.0
2010-06-30,101925.0
2010-07-01,101925.0
2010-07-02,101551.0
2010-07-05,101551.0
2010-07-06,101385.0
2010-07-07,101282.0
2010-07-08,101235.0
2010-07-09,101235.0
2010-07-12,101210.0
2010-07-13,101210.0
2010-07-14,101210.0
2010-07-15,101210.0
2010-07-16,101210.0
2010-07-19,101210.0
2010-07-20,101185.0
2010-07-21,101185.0
2010-07-22,101185.0
2010-07-23,101185.0
2010-07-26,101185.0
2010-07-27,101185.0
2010-07-28,100958.0
2010-07-29,100829.0
2010-07-30,100727.0
2010-08-02,100619.0
2010-08-03,100438.0
2010-08-04,100362.0
2010-08-05,99970.0
2010-08-06,99603.0
2010-08-09,99052.0
2010-08-10,98586.0
2010-08-11,97997.0
2010-08-12,97619.0
2010-08-13,97387.0
2010-08-16,97220.0
2010-08-17,96977.0
2010-08-18,96638.0
2010-08-19,96506.0
2010-08-20,96462.0
2010-08-23,96242.0
2010-08-24,96156.0
2010-08-25,99687.0
2010-08-26,99556.0
2010-08-27,95741.0
2010-08-30,95719.0
2010-08-31,95346.0
2010-09-01,95346.0
2010-09-02,95346.0
2010-09-03,95046.0
2010-09-06,95046.0
2010-09-07,94821.0
2010-09-08,94435.0
2010-09-09,94068.0
2010-09-10,93429.0
2010-09-13,93157.0
2010-09-14,91524.0
2010-09-15,90849.0
2010-09-16,90372.0
2010-09-17,89416.0
2010-09-20,88815.0
2010-09-21,88308.0
2010-09-22,87562.0
2010-09-23,87245.0
2010-09-24,86134.0
2010-09-27,85850.0
2010-09-28,85449.0
2010-09-29,85075.0
2010-09-30,84883.0
2010-10-01,84583.0
2010-10-04,84187.0
2010-10-05,83887.0
2010-10-06,83505.0
2010-10-07,83505.0
2010-10-08,82702.0
2010-10-11,81597.0
2010-10-12,81204.0
2010-10-13,80394.0
2010-10-14,79436.0
2010-10-15,78424.0
2010-10-18,77765.0
2010-10-19,77521.0
2010-10-20,76762.0
2010-10-21,76277.0
2010-10-22,75874.0
2010-10-25,75710.0
2010-10-26,75622.0
2010-10-27,75459.0
2010-10-28,75253.0
2010-10-29,75100.0
2010-11-01,75100.0
2010-11-02,75013.0
2010-11-03,74816.0
2010-11-04,74709.0
2010-11-05,74709.0
2010-11-08,74580.0
2010-11-09,74335.0
2010-11-10,74335.0
2010-11-11,74335.0
2010-11-12,74285.0
2010-11-15,74198.0
2010-11-16,73861.0
2010-11-17,73610.0
2010-11-18,73446.0
2010-11-19,73146.0
2010-11-22,73071.0
2010-11-23,72846.0
2010-11-24,72546.0
2010-11-25,72546.0
2010-11-26,72396.0
2010-11-29,72245.0
2010-11-30,71716.0
2010-12-01,71216.0
2010-12-02,70831.0
2010-12-03,70355.0
2010-12-06,69516.0
2010-12-07,68779.0
2010-12-08,68360.0
2010-12-09,68077.0
2010-12-10,67539.0
2010-12-13,66726.0
2010-12-14,65966.0
2010-12-15,65349.0
2010-12-16,64771.0
2010-12-17,64621.0
2010-12-20,64220.0
2010-12-21,64334.0
2010-12-22,64306.0
2010-12-23,64230.0
2010-12-24,64230.0
2010-12-27,64230.0
2010-12-28,64659.0
2010-12-29,64609.0
2010-12-30,64613.0
2010-12-31,64613.0
2011-01-03,64951.0
2011-01-04,64888.0
2011-01-05,64888.0
2011-01-06,64888.0
2011-01-07,64776.0
2011-01-10,64798.0
2011-01-11,64775.0
2011-01-12,64819.0
2011-01-13,64997.0
2011-01-14,65375.0
2011-01-17,65375.0
2011-01-18,65710.0
2011-01-19,65556.0
2011-01-20,65873.0
2011-01-21,66036.0
2011-01-24,66036.0
2011-01-25,66086.0
2011-01-26,68642.0
2011-01-27,69894.0
2011-01-28,70269.0
2011-01-31,70670.0
2011-02-01,72069.0
2011-02-02,73220.0
2011-02-03,73433.0
2011-02-04,73684.0
2011-02-07,74702.0
2011-02-08,75464.0
2011-02-09,76021.0
2011-02-10,76291.0
2011-02-11,76709.0
2011-02-14,77108.0
2011-02-15,77450.0
2011-02-16,77867.0
2011-02-17,79926.0
2011-02-18,80349.0
2011-02-21,80349.0
2011-02-22,80680.0
2011-02-23,81153.0
2011-02-24,82256.0
2011-02-25,82900.0
2011-02-28,82935.0
2011-03-01,83283.0
2011-03-02,83283.0
2011-03-03,83283.0
2011-03-04,83271.0
2011-03-07,83270.0
2011-03-08,84394.0
2011-03-09,84463.0
2011-03-10,84668.0
2011-03-11,85029.0
2011-03-14,85002.0
2011-03-15,84912.0
2011-03-16,84781.0
2011-03-17,84644.0
2011-03-18,84507.0
2011-03-21,84486.0
2011-03-22,84715.0
2011-03-23,84653.0
2011-03-24,84628.0
2011-03-25,84725.0
2011-03-28,84725.0
2011-03-29,84747.0
2011-03-30,84747.0
2011-03-31,84725.0
2011-04-01,84829.0
2011-04-04,84829.0
2011-04-05,84829.0
2011-04-06,84829.0
2011-04-07,84654.0
2011-04-08,84498.0
2011-04-11,84488.0
2011-04-12,84222.0
2011-04-13,84160.0
2011-04-14,83943.0
2011-04-15,83700.0
2011-04-18,83700.0
2011-04-19,83360.0
2011-04-20,83236.0
2011-04-21,83019.0
2011-04-22,83019.0
2011-04-25,82976.0
2011-04-26,83051.0
2011-04-27,83139.0
2011-04-28,83139.0
2011-04-29,83190.0
2011-05-02,83165.0
2011-05-03,83032.0
2011-05-04,82855.0
2011-05-05,82661.0
2011-05-06,82468.0
2011-05-09,82447.0
2011-05-10,82292.0
2011-05-11,82160.0
2011-05-12,82095.0
2011-05-13,82073.0
2011-05-16,82051.0
2011-05-17,81832.0
2011-05-18,81587.0
2011-05-19,81412.0
2011-05-20,81191.0
2011-05-23,81103.0
2011-05-24,81033.0
2011-05-25,81011.0
2011-05-26,81011.0
2011-05-27,81011.0
2011-05-30,81011.0
2011-05-31,81011.0
2011-06-01,81011.0
2011-06-02,81011.0
2011-06-03,81011.0
2011-06-06,81011.0
2011-06-07,81102.0
2011-06-08,81065.0
2011-06-09,81040.0
2011-06-10,80732.0
2011-06-13,80720.0
2011-06-14,80374.0
2011-06-15,80362.0
2011-06-16,80362.0
2011-06-17,80208.0
2011-06-20,80208.0
2011-06-21,80058.0
2011-06-22,79617.0
2011-06-23,79392.0
2011-06-24,79441.0
2011-06-27,79600.0
2011-06-28,79759.0
2011-06-29,79942.0
2011-06-30,80105.0
2011-07-01,80204.0
2011-07-04,80204.0
2011-07-05,80240.0
2011-07-06,80090.0
2011-07-07,80138.0
2011-07-08,80063.0
2011-07-11,80056.0
2011-07-12,80184.0
2011-07-13,80318.0
2011-07-14,80498.0
2011-07-15,80716.0
2011-07-18,80716.0
2011-07-19,80838.0
2011-07-20,81216.0
2011-07-21,81371.0
2011-07-22,81371.0
2011-07-25,81596.0
2011-07-26,81862.0
2011-07-27,82287.0
2011-07-28,82603.0
2011-07-29,82753.0
2011-08-01,82753.0
2011-08-02,82753.0
2011-08-03,82753.0
2011-08-04,82753.0
2011-08-05,82795.0
2011-08-08,82795.0
2011-08-09,82860.0
2011-08-10,83019.0
2011-08-11,83199.0
2011-08-12,83319.0
2011-08-15,83410.0
2011-08-16,83841.0
2011-08-17,84246.0
2011-08-18,84628.0
2011-08-19,85050.0
2011-08-22,85050.0
2011-08-23,85582.0
2011-08-24,86054.0
2011-08-25,86254.0
2011-08-26,86270.0
2011-08-29,85929.0
2011-08-30,85831.0
2011-08-31,85481.0
2011-09-01,85305.0
2011-09-02,85261.0
2011-09-05,85261.0
2011-09-06,85261.0
2011-09-07,85263.0
2011-09-08,85578.0
2011-09-09,85773.0
2011-09-12,85838.0
2011-09-13,85923.0
2011-09-14,85923.0
2011-09-15,85923.0
2011-09-16,85898.0
2011-09-19,85898.0
2011-09-20,86223.0
2011-09-21,86550.0
2011-09-22,86758.0
2011-09-23,86917.0
2011-09-26,87285.0
2011-09-27,87390.0
2011-09-28,87444.0
2011-09-29,87347.0
2011-09-30,87515.0
2011-10-03,87578.0
2011-10-04,87567.0
2011-10-05,87622.0
2011-10-06,87758.0
2011-10-07,88048.0
2011-10-10,88033.0
2011-10-11,88118.0
2011-10-12,88343.0
2011-10-13,88391.0
2011-10-14,88326.0
2011-10-17,88392.0
2011-10-18,88402.0
2011-10-19,88511.0
2011-10-20,88511.0
2011-10-21,88595.0
2011-10-24,88664.0
2011-10-25,88661.0
2011-10-26,89000.0
2011-10-27,89305.0
2011-10-28,89685.0
2011-10-31,89917.0
2011-11-01,89819.0
2011-11-02,89540.0
2011-11-03,89271.0
2011-11-04,88978.0
2011-11-07,88877.0
2011-11-08,88585.0
2011-11-09,88482.0
2011-11-10,88130.0
2011-11-11,87643.0
2011-11-14,87569.0
2011-11-15,87303.0
2011-11-16,87159.0
2011-11-17,86985.0
2011-11-18,86649.0
2011-11-21,86649.0
2011-11-22,86585.0
2011-11-23,86405.0
2011-11-24,86405.0
2011-11-25,86405.0
2011-11-28,86455.0
2011-11-29,86743.0
2011-11-30,87040.0
2011-12-01,87324.0
2011-12-02,87571.0
2011-12-05,87590.0
2011-12-06,87682.0
2011-12-07,87722.0
2011-12-08,87737.0
2011-12-09,87737.0
2011-12-12,87712.0
2011-12-13,87848.0
2011-12-14,87681.0
2011-12-15,87688.0
2011-12-16,87580.0
2011-12-19,87580.0
2011-12-20,87588.0
2011-12-21,87813.0
2011-12-22,87752.0
2011-12-23,87742.0
2011-12-27,87626.0
2011-12-28,87932.0
2011-12-29,87983.0
2011-12-30,87983.0
2012-01-02,87983.0
2012-01-03,87983.0
2012-01-04,87983.0
2012-01-05,88073.0
2012-01-06,88163.0
2012-01-09,88163.0
2012-01-10,88550.0
2012-01-11,89054.0
2012-01-12,89700.0
2012-01-13,89722.0
2012-01-16,89722.0
2012-01-17,89744.0
2012-01-18,89621.0
2012-01-19,89827.0
2012-01-20,89815.0
2012-01-23,90236.0
2012-01-24,90055.0
2012-01-25,90341.0
2012-01-26,90051.0
2012-01-27,89651.0
2012-01-30,89651.0
2012-01-31,89060.0
2012-02-01,88746.0
2012-02-02,88589.0
2012-02-03,88444.0
2012-02-06,88319.0
2012-02-07,88577.0
2012-02-08,88978.0
2012-02-09,89485.0
2012-02-10,89599.0
2012-02-13,89684.0
2012-02-14,89703.0
2012-02-15,89940.0
2012-02-16,90303.0
2012-02-17,90241.0
2012-02-21,90063.0
2012-02-22,90270.0
2012-02-23,90719.0
2012-02-24,90697.0
2012-02-27,91423.0
2012-02-28,91559.0
2012-02-29,91628.0
2012-03-01,91647.0
2012-03-02,91556.0
2012-03-05,91556.0
2012-03-06,91198.0
2012-03-07,91177.0
2012-03-08,91223.0
2012-03-09,91159.0
2012-03-12,91159.0
2012-03-13,91145.0
2012-03-14,91145.0
2012-03-15,91127.0
2012-03-16,90924.0
2012-03-19,90924.0
2012-03-20,90900.0
2012-03-21,90160.0
2012-03-22,90052.0
2012-03-23,89961.0
2012-03-26,89778.0
2012-03-27,88872.0
2012-03-28,88118.0
2012-03-29,87160.0
2012-03-30,86523.0
2012-04-02,86414.0
2012-04-03,85804.0
2012-04-04,85076.0
2012-04-05,84535.0
2012-04-06,84535.0
2012-04-09,84535.0
2012-04-10,83878.0
2012-04-11,83552.0
2012-04-12,83169.0
2012-04-13,82664.0
2012-04-16,82528.0
2012-04-17,81874.0
2012-04-18,81277.0
2012-04-19,80285.0
2012-04-20,79298.0
2012-04-23,78843.0
2012-04-24,78001.0
2012-04-25,77395.0
2012-04-26,76471.0
2012-04-27,76171.0
2012-04-30,76004.0
2012-05-01,75051.0
2012-05-02,74177.0
2012-05-03,73372.0
2012-05-04,72438.0
2012-05-07,71622.0
2012-05-08,70514.0
2012-05-09,69663.0
2012-05-10,68904.0
2012-05-11,68154.0
2012-05-14,66961.0
2012-05-15,65939.0
2012-05-16,65005.0
2012-05-17,64145.0
2012-05-18,63093.0
2012-05-21,62168.0
2012-05-22,61818.0
2012-05-23,61469.0
2012-05-24,61116.0
2012-05-25,60697.0
2012-05-29,60277.0
2012-05-30,60008.0
2012-05-31,59752.0
2012-06-01,59070.0
2012-06-04,59070.0
2012-06-05,58869.0
2012-06-06,58779.0
2012-06-07,58308.0
2012-06-08,57865.0
2012-06-11,57888.0
2012-06-12,57554.0
2012-06-13,57146.0
2012-06-14,56664.0
2012-06-15,56224.0
2012-06-18,55771.0
2012-06-19,55514.0
2012-06-20,55408.0
2012-06-21,55164.0
2012-06-22,54800.0
2012-06-25,54395.0
2012-06-26,54009.0
2012-06-27,53861.0
2012-06-28,53735.0
2012-06-29,53335.0
2012-07-02,52948.0
2012-07-03,52537.0
2012-07-05,52085.0
2012-07-06,51848.0
2012-07-09,51784.0
2012-07-10,51339.0
2012-07-11,51022.0
2012-07-12,50342.0
2012-07-13,49893.0
2012-07-16,49516.0
2012-07-17,49097.0
2012-07-18,48520.0
2012-07-19,48296.0
2012-07-20,48209.0
2012-07-23,48160.0
2012-07-24,48090.0
2012-07-25,48114.0
2012-07-26,48162.0
2012-07-27,48114.0
2012-07-30,48064.0
2012-07-31,48129.0
2012-08-01,48152.0
2012-08-02,48152.0
2012-08-03,48102.0
2012-08-06,48077.0
2012-08-07,48356.0
2012-08-08,48661.0
2012-08-09,48780.0
2012-08-10,49061.0
2012-08-13,49368.0
2012-08-14,49284.0
2012-08-15,49226.0
2012-08-16,49186.0
2012-08-17,49479.0
2012-08-20,49837.0
2012-08-21,49936.0
2012-08-22,50249.0
2012-08-23,50275.0
2012-08-24,50607.0
2012-08-27,50376.0
2012-08-28,50513.0
2012-08-29,50743.0
2012-08-30,51050.0
2012-08-31,50861.0
2012-09-04,50905.0
2012-09-05,50772.0
2012-09-06,50586.0
2012-09-07,50586.0
2012-09-10,49910.0
2012-09-11,49757.0
2012-09-12,49907.0
2012-09-13,50023.0
2012-09-14,50068.0
2012-09-17,49984.0
2012-09-18,49513.0
2012-09-19,49856.0
2012-09-20,50163.0
2012-09-21,50532.0
2012-09-24,50263.0
2012-09-25,50249.0
2012-09-26,50514.0
2012-09-27,50470.0
2012-09-28,50336.0
2012-10-01,49939.0
2012-10-02,49825.0
2012-10-03,49933.0
2012-10-04,49842.0
2012-10-05,49957.0
2012-10-08,50113.0
2012-10-09,50461.0
2012-10-10,50561.0
2012-10-11,50780.0
2012-10-12,51301.0
2012-10-15,51801.0
2012-10-16,51801.0
2012-10-17,53218.0
2012-10-18,53664.0
2012-10-19,54155.0
2012-10-22,54555.0
2012-10-23,55000.0
2012-10-24,55420.0
2012-10-25,55865.0
2012-10-26,56155.0
2012-10-29,55708.0
2012-10-30,56154.0
2012-10-31,56551.0
2012-11-01,56723.0
2012-11-02,56723.0
2012-11-05,56723.0
2012-11-06,56746.0
2012-11-07,56791.0
2012-11-08,56881.0
2012-11-09,56972.0
2012-11-12,57323.0
2012-11-13,57999.0
2012-11-14,58564.0
2012-11-15,59067.0
2012-11-16,59658.0
2012-11-19,60414.0
2012-11-20,60909.0
2012-11-21,61498.0
2012-11-22,61498.0
2012-11-23,62170.0
2012-11-26,62170.0
2012-11-27,62762.0
2012-11-28,63353.0
2012-11-29,63853.0
2012-11-30,64374.0
2012-12-03,64874.0
2012-12-04,64999.0
2012-12-05,65090.0
2012-12-06,65122.0
2012-12-07,65213.0
2012-12-10,65213.0
2012-12-11,65608.0
2012-12-12,66098.0
2012-12-13,66098.0
2012-12-14,67054.0
2012-12-17,67455.0
2012-12-18,68233.0
2012-12-19,68916.0
2012-12-20,69361.0
2012-12-21,69906.0
2012-12-24,70306.0
2012-12-25,70306.0
2012-12-26,70306.0
2012-12-27,70603.0
2012-12-28,70612.0
2012-12-31,70712.0
2013-01-01,70712.0
2013-01-02,70712.0
2013-01-03,70712.0
2013-01-04,70712.0
2013-01-07,70712.0
2013-01-08,70712.0
2013-01-09,71282.0
2013-01-10,71722.0
2013-01-11,72132.0
2013-01-14,72282.0
2013-01-15,72517.0
2013-01-16,72954.0
2013-01-17,72911.0
2013-01-18,72923.0
2013-01-22,73074.0
2013-01-23,73494.0
2013-01-24,73494.0
2013-01-25,73661.0
2013-01-28,73661.0
2013-01-29,73796.0
2013-01-30,73931.0
2013-01-31,74111.0
2013-02-01,74341.0
2013-02-04,74408.0
2013-02-05,74343.0
2013-02-06,74457.0
2013-02-07,74564.0
2013-02-08,74677.0
2013-02-11,74677.0
2013-02-12,74789.0
2013-02-13,74901.0
2013-02-14,74692.0
2013-02-15,74806.0
2013-02-19,74793.0
2013-02-20,74932.0
2013-02-21,75043.0
2013-02-22,75088.0
2013-02-25,75088.0
2013-02-26,75025.0
2013-02-27,75025.0
2013-02-28,75025.0
2013-03-01,75025.0
2013-03-04,75025.0
2013-03-05,75112.0
2013-03-06,75206.0
2013-03-07,75273.0
2013-03-08,75324.0
2013-03-11,75324.0
2013-03-12,75415.0
2013-03-13,75505.0
2013-03-14,75596.0
2013-03-15,75687.0
2013-03-18,75687.0
2013-03-19,75778.0
2013-03-20,75769.0
2013-03-21,75841.0
2013-03-22,75778.0
2013-03-25,75778.0
2013-03-26,76153.0
2013-03-27,76153.0
2013-03-28,76241.0
2013-03-29,76241.0
2013-04-01,76241.0
2013-04-02,76263.0
2013-04-03,76840.0
2013-04-04,77758.0
2013-04-05,78084.0
2013-04-08,78616.0
2013-04-09,79075.0
2013-04-10,79220.0
2013-04-11,79701.0
2013-04-12,80573.0
2013-04-15,81661.0
2013-04-16,81711.0
2013-04-17,82881.0
2013-04-18,83395.0
2013-04-19,83729.0
2013-04-22,84429.0
2013-04-23,85254.0
2013-04-24,85254.0
2013-04-25,85444.0
2013-04-26,85512.0
2013-04-29,85662.0
2013-04-30,85562.0
2013-05-01,85196.0
2013-05-02,85799.0
2013-05-03,86175.0
2013-05-06,86067.0
2013-05-07,85993.0
2013-05-08,85562.0
2013-05-09,85939.0
2013-05-10,85821.0
2013-05-13,85807.0
2013-05-14,85512.0
2013-05-15,85054.0
2013-05-16,84698.0
2013-05-17,83772.0
2013-05-20,83034.0
2013-05-21,82405.0
2013-05-22,82405.0
2013-05-23,82112.0
2013-05-24,81242.0
2013-05-27,81242.0
2013-05-28,80619.0
2013-05-29,80619.0
2013-05-30,80459.0
2013-05-31,77414.0
2013-06-03,79503.0
2013-06-04,78892.0
2013-06-05,78477.0
2013-06-06,78154.0
2013-06-07,77734.0
2013-06-10,77414.0
2013-06-11,76989.0
2013-06-12,76681.0
2013-06-13,76681.0
2013-06-14,76188.0
2013-06-17,75745.0
2013-06-18,75141.0
2013-06-19,74839.0
2013-06-20,74234.0
2013-06-21,74034.0
2013-06-24,74097.0
2013-06-25,73920.0
2013-06-26,73577.0
2013-06-27,73028.0
2013-06-28,72761.0
2013-07-01,72543.0
2013-07-02,71733.0
2013-07-03,71271.0
2013-07-05,70737.0
2013-07-08,70431.0
2013-07-09,69878.0
2013-07-10,69455.0
2013-07-11,69111.0
2013-07-12,68733.0
2013-07-15,68733.0
2013-07-16,68294.0
2013-07-17,67879.0
2013-07-18,67447.0
2013-07-19,66984.0
2013-07-22,66974.0
2013-07-23,66444.0
2013-07-24,65885.0
2013-07-25,65885.0
2013-07-26,65404.0
2013-07-29,65404.0
2013-07-30,64865.0
2013-07-31,64565.0
2013-08-01,64055.0
2013-08-02,63752.0
2013-08-05,63752.0
2013-08-06,63311.0
2013-08-07,62968.0
2013-08-08,62570.0
2013-08-09,62434.0
2013-08-12,62434.0
2013-08-13,59618.0
2013-08-14,56651.0
2013-08-15,54243.0
2013-08-16,51508.0
2013-08-19,49382.0
2013-08-20,46832.0
2013-08-21,44006.0
2013-08-22,41406.0
2013-08-23,39322.0
2013-08-26,38355.0
2013-08-27,37629.0
2013-08-28,37420.0
2013-08-29,36903.0
2013-08-30,36518.0
2013-09-02,36518.0
2013-09-03,36518.0
2013-09-04,36210.0
2013-09-05,35914.0
2013-09-06,35396.0
2013-09-09,35396.0
2013-09-10,34772.0
2013-09-11,33997.0
2013-09-12,33538.0
2013-09-13,33237.0
2013-09-16,33237.0
2013-09-17,32866.0
2013-09-18,32543.0
2013-09-19,32044.0
2013-09-20,31667.0
2013-09-23,31667.0
2013-09-24,31466.0
2013-09-25,31461.0
2013-09-26,31260.0
2013-09-27,31099.0
2013-09-30,31099.0
2013-10-01,30878.0
2013-10-02,30678.0
2013-10-03,30523.0
2013-10-04,30367.0
2013-10-07,30367.0
2013-10-08,30120.0
2013-10-09,29943.0
2013-10-10,29744.0
2013-10-11,29609.0
2013-10-14,29609.0
2013-10-15,29373.0
2013-10-16,29112.0
2013-10-17,28851.0
2013-10-18,28386.0
2013-10-21,28429.0
2013-10-22,27944.0
2013-10-23,27617.0
2013-10-24,27273.0
2013-10-25,27006.0
2013-10-28,27006.0
2013-10-29,26691.0
2013-10-30,26601.0
2013-10-31,26347.0
2013-11-01,26010.0
2013-11-04,26010.0
2013-11-05,25571.0
2013-11-06,25340.0
2013-11-07,24839.0
2013-11-08,24319.0
2013-11-11,23812.0
2013-11-12,23385.0
2013-11-13,23013.0
2013-11-14,22373.0
2013-11-15,22204.0
2013-11-18,21864.0
2013-11-19,21463.0
2013-11-20,21290.0
2013-11-21,20805.0
2013-11-22,20434.0
2013-11-25,20000.0
2013-11-26,19539.0
2013-11-27,19215.0
2013-11-28,19215.0
2013-11-29,19076.0
2013-12-02,19076.0
2013-12-03,18758.0
2013-12-04,18436.0
2013-12-05,18139.0
2013-12-06,17787.0
2013-12-09,17534.0
2013-12-10,17427.0
2013-12-11,17315.0
2013-12-12,17187.0
2013-12-13,16767.0
2013-12-16,16809.0
2013-12-17,16720.0
2013-12-18,16631.0
2013-12-19,16544.0
2013-12-20,16459.0
2013-12-23,16549.0
2013-12-24,9749.0
2013-12-26,16458.0
2013-12-27,16479.0
2013-12-30,16615.0
2013-12-31,16485.0
2014-01-01,16485.0
2014-01-02,16441.0
2014-01-03,16107.0
2014-01-06,15918.0
2014-01-07,15739.0
2014-01-08,15642.0
2014-01-09,15503.0
2014-01-10,15376.0
2014-01-13,15286.0
2014-01-14,14925.0
2014-01-15,15174.0
2014-01-16,15724.0
2014-01-17,16001.0
2014-01-20,16001.0
2014-01-21,16263.0
2014-01-22,16362.0
2014-01-23,16311.0
2014-01-24,17008.0
2014-01-27,17972.0
2014-01-28,19106.0
2014-01-29,19262.0
2014-01-30,19269.0
2014-01-31,18954.0
2014-02-03,19224.0
2014-02-04,19178.0
2014-02-05,19034.0
2014-02-06,18831.0
2014-02-07,18418.0
2014-02-10,18197.0
2014-02-11,17984.0
2014-02-12,17889.0
2014-02-13,17814.0
2014-02-14,17626.0
2014-02-17,17626.0
2014-02-18,17392.0
2014-02-19,17450.0
2014-02-20,17106.0
2014-02-21,16396.0
2014-02-24,16035.0
2014-02-25,15485.0
2014-02-26,14804.0
2014-02-27,14107.0
2014-02-28,13589.0
2014-03-03,13107.0
2014-03-04,13107.0
2014-03-05,13107.0
2014-03-06,12557.0
2014-03-07,12132.0
2014-03-10,11637.0
2014-03-11,11362.0
2014-03-12,11515.0
2014-03-13,11657.0
2014-03-14,11902.0
2014-03-17,12048.0
2014-03-18,12293.0
2014-03-19,12687.0
2014-03-20,13582.0
2014-03-21,14277.0
2014-03-24,15027.0
2014-03-25,16020.0
2014-03-26,16538.0
2014-03-27,16657.0
2014-03-28,19749.0
2014-03-31,19967.0
2014-04-01,19967.0
2014-04-02,20117.0
2014-04-03,20155.0
2014-04-04,20372.0
2014-04-07,20619.0
2014-04-08,17848.0
2014-04-09,17773.0
2014-04-10,18048.0
2014-04-11,18373.0
2014-04-14,18723.0
2014-04-15,18723.0
2014-04-16,18713.0
2014-04-17,18660.0
2014-04-18,18660.0
2014-04-21,18632.0
2014-04-22,18582.0
2014-04-23,18345.0
2014-04-24,18886.0
2014-04-25,18781.0
2014-04-28,18756.0
2014-04-29,18506.0
2014-04-30,18292.0
2014-05-01,18111.0
2014-05-02,18127.0
2014-05-05,18052.0
2014-05-06,17927.0
2014-05-07,17835.0
2014-05-08,17735.0
2014-05-09,17635.0
2014-05-12,17626.0
2014-05-13,17526.0
2014-05-14,17451.0
2014-05-15,17376.0
2014-05-16,17251.0
2014-05-19,17330.0
2014-05-20,17193.0
2014-05-21,17068.0
2014-05-22,16804.0
2014-05-23,16692.0
2014-05-26,16692.0
2014-05-27,16737.0
2014-05-28,16498.0
2014-05-29,16359.0
2014-05-30,16359.0
2014-06-02,16378.0
2014-06-03,16330.0
2014-06-04,16395.0
2014-06-05,16440.0
2014-06-06,16323.0
2014-06-09,16183.0
2014-06-10,16320.0
2014-06-11,16807.0
2014-06-12,17297.0
2014-06-13,17407.0
2014-06-16,17654.0
2014-06-17,18125.0
2014-06-18,18546.0
2014-06-19,18792.0
2014-06-20,19041.0
2014-06-23,19109.0
2014-06-24,19449.0
2014-06-25,19471.0
2014-06-26,19607.0
2014-06-27,19472.0
2014-06-30,19653.0
2014-07-01,19698.0
2014-07-02,19698.0
2014-07-03,19789.0
2014-07-07,19789.0
2014-07-08,20294.0
2014-07-09,20693.0
2014-07-10,21173.0
2014-07-11,21473.0
2014-07-14,21872.0
2014-07-15,22331.0
2014-07-16,22630.0
2014-07-17,23004.0
2014-07-18,23324.0
2014-07-21,23436.0
2014-07-22,23527.0
2014-07-23,23588.0
2014-07-24,23608.0
2014-07-25,23653.0
2014-07-28,23717.0
2014-07-29,23805.0
2014-07-30,23912.0
2014-07-31,23912.0
2014-08-01,23912.0
2014-08-04,23912.0
2014-08-05,24087.0
2014-08-06,24231.0
2014-08-07,24231.0
2014-08-08,24376.0
2014-08-11,24614.0
2014-08-12,25050.0
2014-08-13,25350.0
2014-08-14,25593.0
2014-08-15,25593.0
2014-08-18,25593.0
2014-08-19,25882.0
2014-08-20,26150.0
2014-08-21,26439.0
2014-08-22,26459.0
2014-08-25,26459.0
2014-08-26,26723.0
2014-08-27,26922.0
2014-08-28,27635.0
2014-08-29,27984.0
2014-09-02,28382.0
2014-09-03,28781.0
2014-09-04,29182.0
2014-09-05,29775.0
2014-09-08,30075.0
2014-09-09,30438.0
2014-09-10,30738.0
2014-09-11,32039.0
2014-09-12,32239.0
2014-09-15,32646.0
2014-09-16,32443.0
2014-09-17,32500.0
2014-09-18,32371.0
2014-09-19,32242.0
2014-09-22,32470.0
2014-09-23,32773.0
2014-09-24,32928.0
2014-09-25,33103.0
2014-09-26,33191.0
2014-09-29,34262.0
2014-09-30,34162.0
2014-10-01,34087.0
2014-10-02,34087.0
2014-10-03,34087.0
2014-10-06,34087.0
2014-10-07,34229.0
2014-10-08,33888.0
2014-10-09,33832.0
2014-10-10,33679.0
2014-10-13,33642.0
2014-10-14,33642.0
2014-10-15,33577.0
2014-10-16,34020.0
2014-10-17,33726.0
2014-10-20,33681.0
2014-10-21,33673.0
2014-10-22,33147.0
2014-10-23,32575.0
2014-10-24,32133.0
2014-10-27,31791.0
2014-10-28,31686.0
2014-10-29,31310.0
2014-10-30,31067.0
2014-10-31,30784.0
2014-11-03,30480.0
2014-11-04,30083.0
2014-11-05,29759.0
2014-11-06,29169.0
2014-11-07,29019.0
2014-11-10,28878.0
2014-11-11,28491.0
2014-11-12,28237.0
2014-11-13,28155.0
2014-11-14,28530.0
2014-11-17,28530.0
2014-11-18,28281.0
2014-11-19,28201.0
2014-11-20,28405.0
2014-11-21,28475.0
2014-11-24,28475.0
2014-11-25,28212.0
2014-11-26,28212.0
2014-11-27,28212.0
2014-11-28,28137.0
2014-12-01,28137.0
2014-12-02,28137.0
2014-12-03,28120.0
2014-12-04,28120.0
2014-12-05,28111.0
2014-12-08,28089.0
2014-12-09,28315.0
2014-12-10,28065.0
2014-12-11,27457.0
2014-12-12,27328.0
2014-12-15,27177.0
2014-12-16,26939.0
2014-12-17,26939.0
2014-12-18,26915.0
2014-12-19,27062.0
2014-12-22,27062.0
2014-12-23,26983.0
2014-12-24,27154.0
2014-12-26,26996.0
2014-12-29,26937.0
2014-12-30,26765.0
2014-12-31,26621.0
2015-01-02,26334.0
2015-01-05,26257.0
2015-01-06,26157.0
2015-01-07,26368.0
2015-01-08,26484.0
2015-01-09,26071.0
2015-01-12,25952.0
2015-01-13,25608.0
2015-01-14,24940.0
2015-01-15,24519.0
2015-01-16,24108.0
2015-01-19,24108.0
2015-01-20,24092.0
2015-01-21,23060.0
2015-01-22,22702.0
2015-01-23,22582.0
2015-01-26,22255.0
2015-01-27,22015.0
2015-01-28,21744.0
2015-01-29,21455.0
2015-01-30,21333.0
2015-02-02,21289.0
2015-02-03,21148.0
2015-02-04,20796.0
2015-02-05,20189.0
2015-02-06,19709.0
2015-02-09,19172.0
2015-02-10,18975.0
2015-02-11,18703.0
2015-02-12,18558.0
2015-02-13,18493.0
2015-02-16,18493.0
2015-02-17,18585.0
2015-02-18,18248.0
2015-02-19,18143.0
2015-02-20,18023.0
2015-02-23,17961.0
2015-02-24,18051.0
2015-02-25,18110.0
2015-02-26,17921.0
2015-02-27,17854.0
2015-03-02,18034.0
2015-03-03,18303.0
2015-03-04,18908.0
2015-03-05,19513.0
2015-03-06,20394.0
2015-03-09,20968.0
2015-03-10,21568.0
2015-03-11,22675.0
2015-03-12,24218.0
2015-03-13,24744.0
2015-03-16,25325.0
2015-03-17,25489.0
2015-03-18,25426.0
2015-03-19,25189.0
2015-03-20,24950.0
2015-03-23,24855.0
2015-03-24,24744.0
2015-03-25,24330.0
2015-03-26,24127.0
2015-03-27,24822.0
2015-03-30,26991.0
2015-03-31,26864.0
2015-04-01,26761.0
2015-04-02,26633.0
2015-04-06,26468.0
2015-04-07,26254.0
2015-04-08,25909.0
2015-04-09,25616.0
2015-04-10,25357.0
2015-04-13,25255.0
2015-04-14,25138.0
2015-04-15,24959.0
2015-04-16,24856.0
2015-04-17,24732.0
2015-04-20,24633.0
2015-04-21,24508.0
2015-04-22,24407.0
2015-04-23,24279.0
2015-04-24,24179.0
2015-04-27,24038.0
2015-04-28,23900.0
2015-04-29,23800.0
2015-04-30,23674.0
2015-05-01,23624.0
2015-05-04,23492.0
2015-05-05,23367.0
2015-05-06,23361.0
2015-05-07,23361.0
2015-05-08,23361.0
2015-05-11,23316.0
2015-05-12,23186.0
2015-05-13,22884.0
2015-05-14,22782.0
2015-05-15,22606.0
2015-05-18,22606.0
2015-05-19,22244.0
2015-05-20,22156.0
2015-05-21,22188.0
2015-05-22,22232.0
2015-05-26,22276.0
2015-05-27,22474.0
2015-05-28,22474.0
2015-05-29,22518.0
2015-06-01,22518.0
2015-06-02,22518.0
2015-06-03,22518.0
2015-06-04,22518.0
2015-06-05,22540.0
2015-06-08,22562.0
2015-06-09,23245.0
2015-06-10,23915.0
2015-06-11,24383.0
2015-06-12,24753.0
2015-06-15,25084.0
2015-06-16,25120.0
2015-06-17,25650.0
2015-06-18,25529.0
2015-06-19,25860.0
2015-06-22,26923.0
2015-06-23,27371.0
2015-06-24,28011.0
2015-06-25,28579.0
2015-06-26,29082.0
2015-06-29,29595.0
2015-06-30,30120.0
2015-07-01,30565.0
2015-07-02,31198.0
2015-07-03,31198.0
2015-07-06,31721.0
2015-07-07,32198.0
2015-07-08,32733.0
2015-07-09,32883.0
2015-07-10,33197.0
2015-07-13,33505.0
2015-07-14,36535.0
2015-07-15,36740.0
2015-07-16,37010.0
2015-07-17,37207.0
2015-07-20,37481.0
2015-07-21,37628.0
2015-07-22,37723.0
2015-07-23,37656.0
2015-07-24,37623.0
2015-07-27,37498.0
2015-07-28,37395.0
2015-07-29,37283.0
2015-07-30,37283.0
2015-07-31,37283.0
2015-08-03,37283.0
2015-08-04,37172.0
2015-08-05,36607.0
2015-08-06,36054.0
2015-08-07,35581.0
2015-08-10,35270.0
2015-08-11,34802.0
2015-08-12,34347.0
2015-08-13,33879.0
2015-08-14,33451.0
2015-08-17,33776.0
2015-08-18,34026.0
2015-08-19,33569.0
2015-08-20,33441.0
2015-08-21,33914.0
2015-08-24,34360.0
2015-08-25,34783.0
2015-08-26,35355.0
2015-08-27,35923.0
2015-08-28,36472.0
2015-08-31,36860.0
2015-09-01,37196.0
2015-09-02,37671.0
2015-09-03,38046.0
2015-09-04,38096.0
2015-09-08,38047.0
2015-09-09,37926.0
2015-09-10,37824.0
2015-09-11,37659.0
2015-09-14,37936.0
2015-09-15,38384.0
2015-09-16,33451.0
2015-09-17,39135.0
2015-09-18,39507.0
2015-09-21,39551.0
2015-09-22,39825.0
2015-09-23,40291.0
2015-09-24,40198.0
2015-09-25,40153.0
2015-09-28,40153.0
2015-09-29,40153.0
2015-09-30,40153.0
2015-10-01,40153.0
2015-10-02,40128.0
2015-10-05,40308.0
2015-10-06,40453.0
2015-10-07,40808.0
2015-10-08,41207.0
2015-10-09,41538.0
2015-10-12,41742.0
2015-10-13,42096.0
2015-10-14,42835.0
2015-10-15,43605.0
2015-10-16,44659.0
2015-10-19,45526.0
2015-10-20,46014.0
2015-10-21,46799.0
2015-10-22,48230.0
2015-10-23,49186.0
2015-10-26,50801.0
2015-10-27,51563.0
2015-10-28,52230.0
2015-10-29,53016.0
2015-10-30,53615.0
2015-11-02,53517.0
2015-11-03,53753.0
2015-11-04,54716.0
2015-11-05,55999.0
2015-11-06,57513.0
2015-11-09,57822.0
2015-11-10,58834.0
2015-11-11,59879.0
2015-11-12,61026.0
2015-11-13,62697.0
2015-11-16,64546.0
2015-11-17,65528.0
2015-11-18,67279.0
2015-11-19,68557.0
2015-11-20,70359.0
2015-11-23,72293.0
2015-11-24,72422.0
2015-11-25,72953.0
2015-11-27,72749.0
2015-11-30,72749.0
2015-12-01,72934.0
2015-12-02,73685.0
2015-12-03,73751.0
2015-12-04,73674.0
2015-12-07,73052.0
2015-12-08,72906.0
2015-12-09,73149.0
2015-12-10,72256.0
2015-12-11,71719.0
2015-12-14,71559.0
2015-12-15,71716.0
2015-12-16,71069.0
2015-12-17,71115.0
2015-12-18,70907.0
2015-12-21,70547.0
2015-12-22,70150.0
2015-12-23,70582.0
2015-12-24,71239.0
2015-12-28,70937.0
2015-12-29,71217.0
2015-12-30,70750.0
2015-12-31,69753.0
2016-01-04,69703.0
2016-01-05,69246.0
2016-01-06,68941.0
2016-01-07,68414.0
2016-01-08,68549.0
2016-01-11,68768.0
2016-01-12,68828.0
2016-01-13,68100.0
2016-01-14,67815.0
2016-01-15,67238.0
2016-01-19,67176.0
2016-01-20,66114.0
2016-01-21,65850.0
2016-01-22,65721.0
2016-01-25,65486.0
2016-01-26,65174.0
2016-01-27,65281.0
2016-01-28,65526.0
2016-01-29,65615.0
2016-02-01,65438.0
2016-02-02,65438.0
2016-02-03,65552.0
2016-02-04,65719.0
2016-02-05,65908.0
2016-02-08,66173.0
2016-02-09,66286.0
2016-02-10,66850.0
2016-02-11,67350.0
2016-02-12,67858.0
2016-02-15,67858.0
2016-02-16,67978.0
2016-02-17,68015.0
2016-02-18,68078.0
2016-02-19,67875.0
2016-02-22,67560.0
2016-02-23,67502.0
2016-02-24,67636.0
2016-02-25,67618.0
2016-02-26,67502.0
2016-02-29,67502.0
2016-03-01,67476.0
2016-03-02,67374.0
2016-03-03,67296.0
2016-03-04,67222.0
2016-03-07,67448.0
2016-03-08,67848.0
2016-03-09,68248.0
2016-03-10,68548.0
2016-03-11,68861.0
2016-03-14,69260.0
2016-03-15,69585.0
2016-03-16,69885.0
2016-03-17,70260.0
2016-03-18,70559.0
2016-03-21,70858.0
2016-03-22,71158.0
2016-03-23,71541.0
2016-03-24,71728.0
2016-03-28,71925.0
2016-03-29,71947.0
2016-03-30,71991.0
2016-03-31,71991.0
2016-04-01,72012.0
2016-04-04,72012.0
2016-04-05,72012.0
2016-04-06,72012.0
2016-04-07,71936.0
2016-04-08,71796.0
2016-04-11,71658.0
2016-04-12,71459.0
2016-04-13,70789.0
2016-04-14,70115.0
2016-04-15,69147.0
2016-04-18,68162.0
2016-04-19,67629.0
2016-04-20,67428.0
2016-04-21,67327.0
2016-04-22,67140.0
2016-04-25,67127.0
2016-04-26,66602.0
2016-04-27,66212.0
2016-04-28,65889.0
2016-04-29,65495.0
2016-05-02,65160.0
2016-05-03,64873.0
2016-05-04,64693.0
2016-05-05,64739.0
2016-05-06,64761.0
2016-05-09,64761.0
2016-05-10,64458.0
2016-05-11,63954.0
2016-05-12,63672.0
2016-05-13,63270.0
2016-05-16,63169.0
2016-05-17,62813.0
2016-05-18,62523.0
2016-05-19,62474.0
2016-05-20,62222.0
2016-05-23,62018.0
2016-05-24,62042.0
2016-05-25,61818.0
2016-05-26,61494.0
2016-05-27,61270.0
2016-05-31,61044.0
2016-06-01,60534.0
2016-06-02,60122.0
2016-06-03,59820.0
2016-06-06,59745.0
2016-06-07,59579.0
2016-06-08,59384.0
2016-06-09,59406.0
2016-06-10,59406.0
2016-06-13,59406.0
2016-06-14,59306.0
2016-06-15,59306.0
2016-06-16,59350.0
2016-06-17,59372.0
2016-06-20,59939.0
2016-06-21,59961.0
2016-06-22,60283.0
2016-06-23,60705.0
2016-06-24,61099.0
2016-06-27,61496.0
2016-06-28,61796.0
2016-06-29,62171.0
2016-06-30,62445.0
2016-07-01,62440.0
2016-07-04,62440.0
2016-07-05,62435.0
2016-07-06,62439.0
2016-07-07,62446.0
2016-07-08,62446.0
2016-07-11,62717.0
2016-07-12,63016.0
2016-07-13,63316.0
2016-07-14,63516.0
2016-07-15,63791.0
2016-07-18,64312.0
2016-07-19,64312.0
2016-07-20,64332.0
2016-07-21,64379.0
2016-07-22,64416.0
2016-07-25,65216.0
2016-07-26,65327.0
2016-07-27,65393.0
2016-07-28,65416.0
2016-07-29,65416.0
2016-08-01,65509.0
2016-08-02,65509.0
2016-08-03,65509.0
2016-08-04,65509.0
2016-08-05,65508.0
2016-08-08,65934.0
2016-08-09,65955.0
2016-08-10,66112.0
2016-08-11,66022.0
2016-08-12,66066.0
2016-08-15,66360.0
2016-08-16,66383.0
2016-08-17,66383.0
2016-08-18,66383.0
2016-08-19,66383.0
2016-08-22,66946.0
2016-08-23,66946.0
2016-08-24,66924.0
2016-08-25,66946.0
2016-08-26,67253.0
2016-08-29,67282.0
2016-08-30,67282.0
2016-08-31,67282.0
2016-09-01,67282.0
2016-09-02,67282.0
2016-09-05,67282.0
2016-09-06,67282.0
2016-09-07,67762.0
2016-09-08,68163.0
2016-09-09,68630.0
2016-09-12,69047.0
2016-09-13,69532.0
2016-09-14,70073.0
2016-09-15,70109.0
2016-09-16,70276.0
2016-09-19,70367.0
2016-09-20,70281.0
2016-09-21,70287.0
2016-09-22,70287.0
2016-09-23,70422.0
2016-09-26,70512.0
2016-09-27,70575.0
2016-09-28,70575.0
2016-09-29,70575.0
2016-09-30,70575.0
2016-10-03,70575.0
2016-10-04,70575.0
2016-10-05,70575.0
2016-10-06,70597.0
2016-10-07,70619.0
2016-10-10,70983.0
2016-10-11,70983.0
2016-10-12,71027.0
2016-10-13,71049.0
2016-10-14,71094.0
2016-10-17,71386.0
2016-10-18,71633.0
2016-10-19,71933.0
2016-10-20,72208.0
2016-10-21,72609.0
2016-10-24,73336.0
2016-10-25,73066.0
2016-10-26,72774.0
2016-10-27,72474.0
2016-10-28,72199.0
2016-10-31,71961.0
2016-11-01,71961.0
2016-11-02,71961.0
2016-11-03,71961.0
2016-11-04,71983.0
2016-11-07,72027.0
2016-11-08,72071.0
2016-11-09,72137.0
2016-11-10,72336.0
2016-11-11,72534.0
2016-11-14,72710.0
2016-11-15,72864.0
2016-11-16,73236.0
2016-11-17,74896.0
2016-11-18,75049.0
2016-11-21,75092.0
2016-11-22,75463.0
2016-11-23,75900.0
2016-11-24,75900.0
2016-11-25,76362.0
2016-11-28,76815.0
2016-11-29,77229.0
2016-11-30,77844.0
2016-12-01,78310.0
2016-12-02,78686.0
2016-12-05,78824.0
2016-12-06,79089.0
2016-12-07,79176.0
2016-12-08,79175.0
2016-12-09,79175.0
2016-12-12,79625.0
2016-12-13,80241.0
2016-12-14,81001.0
2016-12-15,81445.0
2016-12-16,82179.0
2016-12-19,82589.0
2016-12-20,83527.0
2016-12-21,84259.0
2016-12-22,84525.0
2016-12-23,85339.0
2016-12-26,85339.0
2016-12-27,85348.0
2016-12-28,86508.0
2016-12-29,87280.0
2016-12-30,88308.0
2017-01-02,88308.0
2017-01-03,88902.0
2017-01-04,89736.0
2017-01-05,90383.0
2017-01-06,91314.0
2017-01-09,91615.0
2017-01-10,92650.0
2017-01-11,93412.0
2017-01-12,93857.0
2017-01-13,94573.0
2017-01-16,94573.0
2017-01-17,94873.0
2017-01-18,96035.0
2017-01-19,96436.0
2017-01-20,97055.0
2017-01-23,97542.0
2017-01-24,98262.0
2017-01-25,98662.0
2017-01-26,99388.0
2017-01-27,100000.0
2017-01-30,100370.0
2017-01-31,102072.0
2017-02-01,102771.0
2017-02-02,103359.0
2017-02-03,104791.0
2017-02-06,105688.0
2017-02-07,106627.0
2017-02-08,107241.0
2017-02-09,108468.0
2017-02-10,109218.0
2017-02-13,109956.0
2017-02-14,111880.0
2017-02-15,113671.0
2017-02-16,115134.0
2017-02-17,115622.0
2017-02-20,115622.0
2017-02-21,118270.0
2017-02-22,121119.0
2017-02-23,122310.0
2017-02-24,123432.0
2017-02-27,124073.0
2017-02-28,125849.0
2017-03-01,126239.0
2017-03-02,126730.0
2017-03-03,127856.0
2017-03-06,128313.0
2017-03-07,129481.0
2017-03-08,130795.0
2017-03-09,132718.0
2017-03-10,133548.0
2017-03-13,133970.0
2017-03-14,134378.0
2017-03-15,135001.0
2017-03-16,135687.0
2017-03-17,136300.0
2017-03-20,136833.0
2017-03-21,137882.0
2017-03-22,138726.0
2017-03-23,139154.0
2017-03-24,139818.0
2017-03-27,140544.0
2017-03-28,140936.0
2017-03-29,141142.0
2017-03-30,142639.0
2017-03-31,143375.0
2017-04-03,144120.0
2017-04-04,144766.0
2017-04-05,144858.0
2017-04-06,145404.0
2017-04-07,146119.0
2017-04-10,146551.0
2017-04-11,147119.0
2017-04-12,147456.0
2017-04-13,148570.0
2017-04-14,148570.0
2017-04-17,149684.0
2017-04-18,151312.0
2017-04-19,152662.0
2017-04-20,153963.0
2017-04-21,154804.0
2017-04-24,154851.0
2017-04-25,154864.0
2017-04-26,154976.0
2017-04-27,155135.0
2017-04-28,155249.0
2017-05-01,155295.0
2017-05-02,155340.0
2017-05-03,155395.0
2017-05-04,155238.0
2017-05-05,155064.0
2017-05-08,154764.0
2017-05-09,154759.0
2017-05-10,154529.0
2017-05-11,154541.0
2017-05-12,154317.0
2017-05-15,154267.0
2017-05-16,154329.0
2017-05-17,154256.0
2017-05-18,155107.0
2017-05-19,156000.0
2017-05-22,156540.0
2017-05-23,156834.0
2017-05-24,157306.0
2017-05-25,157369.0
2017-05-26,157334.0
2017-05-29,157334.0
2017-05-30,157735.0
2017-05-31,157922.0
2017-06-01,158135.0
2017-06-02,158295.0
2017-06-05,158724.0
2017-06-06,159200.0
2017-06-07,159420.0
2017-06-08,160298.0
2017-06-09,160813.0
2017-06-12,161247.0
2017-06-13,161706.0
2017-06-14,162029.0
2017-06-15,162130.0
2017-06-16,162148.0
2017-06-19,162082.0
2017-06-20,162160.0
2017-06-21,162267.0
2017-06-22,162330.0
2017-06-23,162343.0
2017-06-26,162404.0
2017-06-27,162424.0
2017-06-28,162535.0
2017-06-29,162660.0
2017-06-30,162833.0
2017-07-03,163072.0
2017-07-04,163072.0
2017-07-05,163302.0
2017-07-06,163302.0
2017-07-07,163292.0
2017-07-10,164184.0
2017-07-11,164945.0
2017-07-12,165536.0
2017-07-13,165603.0
2017-07-14,165650.0
2017-07-17,166609.0
2017-07-18,167421.0
2017-07-19,167947.0
2017-07-20,168245.0
2017-07-21,168747.0
2017-07-24,169582.0
2017-07-25,170076.0
2017-07-26,170074.0
2017-07-27,170547.0
2017-07-28,170989.0
2017-07-31,171314.0
2017-08-01,171910.0
2017-08-02,172177.0
2017-08-03,172805.0
2017-08-04,173346.0
2017-08-07,173746.0
2017-08-08,173668.0
2017-08-09,173703.0
2017-08-10,174951.0
2017-08-11,176257.0
2017-08-14,176732.0
2017-08-15,177918.0
2017-08-16,178538.0
2017-08-17,179186.0
2017-08-18,179599.0
2017-08-21,179850.0
2017-08-22,180121.0
2017-08-23,180139.0
2017-08-24,180394.0
2017-08-25,180378.0
2017-08-28,181072.0
2017-08-29,181664.0
2017-08-30,181425.0
2017-08-31,181926.0
2017-09-01,182925.0
2017-09-04,182925.0
2017-09-05,184002.0
2017-09-06,185533.0
2017-09-07,186791.0
2017-09-08,187597.0
2017-09-11,188515.0
2017-09-12,189039.0
2017-09-13,190231.0
2017-09-14,190640.0
2017-09-15,191313.0
2017-09-18,192083.0
2017-09-19,192352.0
2017-09-20,192444.0
2017-09-21,192896.0
2017-09-22,193480.0
2017-09-25,193856.0
2017-09-26,193956.0
2017-09-27,194055.0
2017-09-28,194681.0
2017-09-29,195493.0
2017-10-02,196210.0
2017-10-03,197833.0
2017-10-04,199154.0
2017-10-05,199478.0
2017-10-06,199935.0
2017-10-09,200485.0
2017-10-10,200684.0
2017-10-11,201000.0
2017-10-12,201404.0
2017-10-13,202125.0
2017-10-16,202583.0
2017-10-17,202427.0
2017-10-18,203174.0
2017-10-19,204137.0
2017-10-20,204568.0
2017-10-23,204606.0
2017-10-24,206050.0
2017-10-25,205948.0
2017-10-26,206080.0
2017-10-27,206267.0
2017-10-30,206123.0
2017-10-31,206099.0
2017-11-01,205971.0
2017-11-02,205810.0
2017-11-03,205627.0
2017-11-06,205160.0
2017-11-07,205346.0
2017-11-08,205138.0
2017-11-09,205606.0
2017-11-10,207241.0
2017-11-13,207668.0
2017-11-14,207978.0
2017-11-15,207976.0
2017-11-16,208430.0
2017-11-17,208780.0
2017-11-20,209224.0
2017-11-21,209624.0
2017-11-22,209339.0
2017-11-23,209339.0
2017-11-24,208831.0
2017-11-27,209427.0
2017-11-28,209425.0
2017-11-29,209231.0
2017-11-30,209143.0
2017-12-01,208760.0
2017-12-04,208760.0
2017-12-05,209214.0
2017-12-06,208857.0
2017-12-07,208699.0
2017-12-08,208662.0
2017-12-11,208986.0
2017-12-12,208752.0
2017-12-13,208363.0
2017-12-14,208611.0
2017-12-15,209230.0
2017-12-18,209281.0
2017-12-19,210100.0
2017-12-20,209975.0
2017-12-21,210486.0
2017-12-22,210897.0
2017-12-26,211348.0
2017-12-27,211348.0
2017-12-28,211372.0
2017-12-29,211172.0
2018-01-01,211172.0
2018-01-02,210972.0
2018-01-03,210972.0
2018-01-04,211237.0
2018-01-05,210810.0
2018-01-08,211568.0
2018-01-09,211608.0
2018-01-10,211747.0
2018-01-11,212281.0
2018-01-12,212925.0
2018-01-15,212925.0
2018-01-16,213039.0
2018-01-17,213094.0
2018-01-18,213072.0
2018-01-19,213427.0
2018-01-22,220119.0
2018-01-23,219992.0
2018-01-24,219759.0
2018-01-25,219766.0
2018-01-26,219446.0
2018-01-29,219860.0
2018-01-30,220449.0
2018-01-31,221036.0
2018-02-01,222305.0
2018-02-02,222972.0
2018-02-05,223108.0
2018-02-06,223397.0
2018-02-07,223510.0
2018-02-08,223623.0
2018-02-09,223623.0
2018-02-12,224019.0
2018-02-13,225021.0
2018-02-14,225068.0
2018-02-15,225840.0
2018-02-16,226308.0
2018-02-19,226308.0
2018-02-20,227671.0
2018-02-21,228428.0
2018-02-22,228911.0
2018-02-23,229145.0
2018-02-26,229424.0
2018-02-27,230096.0
2018-02-28,230376.0
2018-03-01,230731.0
2018-03-02,231060.0
2018-03-05,231956.0
2018-03-06,232444.0
2018-03-07,232578.0
2018-03-08,232568.0
2018-03-09,232665.0
2018-03-12,233372.0
2018-03-13,233419.0
2018-03-14,233234.0
2018-03-15,233462.0
2018-03-16,233675.0
2018-03-19,233330.0
2018-03-20,232957.0
2018-03-21,232740.0
2018-03-22,232138.0
2018-03-23,231638.0
2018-03-26,232547.0
2018-03-27,233592.0
2018-03-28,234276.0
2018-03-29,233927.0
2018-04-02,232817.0
2018-04-03,232431.0
2018-04-04,232274.0
2018-04-05,238474.0
2018-04-06,238424.0
2018-04-09,239309.0
2018-04-10,239323.0
2018-04-11,239306.0
2018-04-12,238982.0
2018-04-13,238733.0
2018-04-16,238662.0
2018-04-17,238375.0
2018-04-18,238275.0
2018-04-19,238217.0
2018-04-20,247957.0
2018-04-23,247999.0
2018-04-24,248161.0
2018-04-25,248112.0
2018-04-26,248501.0
2018-04-27,248214.0
2018-04-30,248744.0
2018-05-01,247754.0
2018-05-02,247630.0
2018-05-03,251511.0
2018-05-04,252016.0
2018-05-07,252692.0
2018-05-08,252986.0
2018-05-09,252411.0
2018-05-10,251643.0
2018-05-11,250577.0
2018-05-14,250262.0
2018-05-15,248986.0
2018-05-16,248666.0
2018-05-17,248259.0
2018-05-18,248647.0
2018-05-21,248975.0
2018-05-22,248013.0
2018-05-23,246664.0
2018-05-24,245440.0
2018-05-25,243923.0
2018-05-28,243923.0
2018-05-29,242943.0
2018-05-30,232206.0
2018-05-31,231364.0
2018-06-01,231648.0
2018-06-04,231855.0
2018-06-05,231058.0
2018-06-06,230777.0
2018-06-07,230657.0
2018-06-08,231012.0
2018-06-11,231726.0
2018-06-12,231477.0
2018-06-13,230675.0
2018-06-14,229983.0
2018-06-15,228780.0
2018-06-18,228430.0
2018-06-19,227612.0
2018-06-20,227129.0
2018-06-21,226637.0
2018-06-22,225572.0
2018-06-25,225031.0
2018-06-26,224473.0
2018-06-27,224598.0
2018-06-28,223983.0
2018-06-29,223981.0
2018-07-02,223658.0
2018-07-03,223352.0
2018-07-04,223352.0
2018-07-05,222801.0
2018-07-06,222656.0
2018-07-09,222833.0
2018-07-10,222287.0
2018-07-11,222467.0
2018-07-12,220984.0
2018-07-13,219800.0
2018-07-16,218849.0
2018-07-17,218205.0
2018-07-18,217403.0
2018-07-19,216375.0
2018-07-20,215984.0
2018-07-23,214654.0
2018-07-24,213358.0
2018-07-25,212103.0
2018-07-26,210608.0
2018-07-27,209010.0
2018-07-30,207467.0
2018-07-31,206006.0
2018-08-01,204674.0
2018-08-02,204126.0
2018-08-03,203609.0
2018-08-06,202786.0
2018-08-07,201803.0
2018-08-08,200720.0
2018-08-09,200039.0
2018-08-10,198556.0
2018-08-13,198576.0
2018-08-14,198017.0
2018-08-15,197476.0
2018-08-16,196582.0
2018-08-17,196352.0
2018-08-20,196102.0
2018-08-21,195544.0
2018-08-22,195145.0
2018-08-23,194748.0
2018-08-24,194024.0
2018-08-27,193629.0
2018-08-28,193016.0
2018-08-29,192340.0
2018-08-30,191643.0
2018-08-31,190561.0
2018-09-03,190561.0
2018-09-04,189866.0
2018-09-05,189050.0
2018-09-06,188878.0
2018-09-07,187513.0
2018-09-10,186802.0
2018-09-11,185361.0
2018-09-12,184388.0
2018-09-13,183311.0
2018-09-14,182359.0
2018-09-17,181272.0
2018-09-18,180081.0
2018-09-19,178782.0
2018-09-20,177379.0
2018-09-21,177394.0
2018-09-24,176728.0
2018-09-25,175850.0
2018-09-26,175147.0
2018-09-27,174442.0
2018-09-28,173720.0
2018-10-01,172440.0
2018-10-02,172061.0
2018-10-03,171154.0
2018-10-04,170177.0
2018-10-05,170155.0
2018-10-08,169425.0
2018-10-09,168754.0
2018-10-10,167711.0
2018-10-11,166923.0
2018-10-12,166200.0
2018-10-15,164935.0
2018-10-16,165448.0
2018-10-17,164710.0
2018-10-18,163866.0
2018-10-19,163725.0
2018-10-22,162722.0
2018-10-23,162190.0
2018-10-24,161664.0
2018-10-25,160483.0
2018-10-26,159088.0
2018-10-29,158316.0
2018-10-30,158009.0
2018-10-31,157434.0
2018-11-01,156590.0
2018-11-02,155534.0
2018-11-05,154881.0
2018-11-06,154541.0
2018-11-07,154339.0
2018-11-08,153671.0
2018-11-09,152620.0
2018-11-12,150765.0
2018-11-13,150193.0
2018-11-14,149010.0
2018-11-15,147742.0
2018-11-16,146176.0
2018-11-19,144424.0
2018-11-20,143061.0
2018-11-21,142227.0
2018-11-22,142227.0
2018-11-23,141521.0
2018-11-26,141133.0
2018-11-27,139943.0
2018-11-28,139046.0
2018-11-29,138404.0
2018-11-30,137226.0
2018-12-03,135536.0
2018-12-04,134467.0
2018-12-05,132842.0
2018-12-06,130864.0
2018-12-07,129104.0
2018-12-10,127354.0
2018-12-11,123640.0
2018-12-12,122147.0
2018-12-13,120803.0
2018-12-14,120020.0
2018-12-17,119248.0
2018-12-18,117651.0
2018-12-19,115984.0
2018-12-20,114594.0
2018-12-21,112369.0
2018-12-24,111441.0
2018-12-25,111441.0
2018-12-26,111128.0
2018-12-27,110705.0
2018-12-28,110480.0
2018-12-31,110086.0
2019-01-01,110086.0
2019-01-02,109829.0
2019-01-03,109145.0
2019-01-04,108510.0
2019-01-07,107581.0
2019-01-08,106442.0
2019-01-09,105443.0
2019-01-10,104493.0
2019-01-11,103099.0
2019-01-14,102246.0
2019-01-15,100288.0
2019-01-16,98789.0
2019-01-17,98252.0
2019-01-18,96212.0
2019-01-21,96212.0
2019-01-22,95300.0
2019-01-23,94309.0
2019-01-24,92421.0
2019-01-25,90533.0
2019-01-28,88896.0
2019-01-29,87498.0
2019-01-30,86906.0
2019-01-31,85970.0
2019-02-01,83832.0
2019-02-04,81848.0
2019-02-05,80645.0
2019-02-06,78958.0
2019-02-07,78571.0
2019-02-08,77301.0
2019-02-11,75339.0
2019-02-12,74591.0
2019-02-13,73670.0
2019-02-14,72417.0
2019-02-15,70245.0
2019-02-18,70245.0
2019-02-19,68793.0
2019-02-20,66050.0
2019-02-21,65119.0
2019-02-22,63224.0
2019-02-25,61834.0
2019-02-26,60238.0
2019-02-27,58651.0
2019-02-28,57629.0
2019-03-01,56473.0
2019-03-04,55841.0
2019-03-05,55337.0
2019-03-06,55180.0
2019-03-07,54178.0
2019-03-08,53337.0
2019-03-11,52881.0
2019-03-12,51631.0
2019-03-13,51308.0
2019-03-14,49912.0
2019-03-15,49580.0
2019-03-18,48522.0
2019-03-19,48303.0
2019-03-20,48169.0
2019-03-21,47614.0
2019-03-22,46913.0
2019-03-25,46319.0
2019-03-26,45833.0
2019-03-27,45160.0
2019-03-28,44427.0
2019-03-29,43562.0
2019-04-01,42692.0
2019-04-02,42373.0
2019-04-03,42204.0
2019-04-04,41425.0
2019-04-05,40921.0
2019-04-08,40498.0
2019-04-09,40352.0
2019-04-10,40189.0
2019-04-11,39402.0
2019-04-12,39097.0
2019-04-15,38597.0
2019-04-16,38597.0
2019-04-17,38597.0
2019-04-18,37497.0
2019-04-19,37497.0
2019-04-22,36475.0
2019-04-23,35976.0
2019-04-24,35933.0
2019-04-25,34931.0
2019-04-26,34731.0
2019-04-29,34731.0
2019-04-30,34300.0
2019-05-01,34300.0
2019-05-02,33466.0
2019-05-03,33267.0
2019-05-06,33267.0
2019-05-07,32984.0
2019-05-08,32984.0
2019-05-09,32586.0
2019-05-10,32586.0
2019-05-13,32310.0
2019-05-14,32310.0
2019-05-15,32298.0
2019-05-16,32216.0
2019-05-17,32174.0
2019-05-20,31960.0
2019-05-21,31893.0
2019-05-22,31923.0
2019-05-23,31803.0
2019-05-24,31825.0
2019-05-27,31825.0
2019-05-28,31848.0
2019-05-29,31748.0
2019-05-30,31648.0
2019-05-31,31636.0
2019-06-03,31637.0
2019-06-04,31637.0
2019-06-05,31637.0
2019-06-06,30827.0
2019-06-07,30665.0
2019-06-10,30665.0
2019-06-11,30480.0
2019-06-12,30480.0
2019-06-13,30204.0
2019-06-14,30204.0
2019-06-17,30204.0
2019-06-18,30113.0
2019-06-19,30312.0
2019-06-20,30600.0
2019-06-21,35397.0
2019-06-24,31264.0
2019-06-25,31530.0
2019-06-26,32370.0
2019-06-27,32770.0
2019-06-28,33415.0
2019-07-01,33886.0
2019-07-02,34192.0
2019-07-03,34193.0
2019-07-04,34193.0
2019-07-05,34520.0
2019-07-08,34820.0
2019-07-09,35109.0
2019-07-10,35397.0
2019-07-11,35898.0
2019-07-12,36158.0
2019-07-15,36664.0
2019-07-16,37054.0
2019-07-17,37229.0
2019-07-18,37391.0
2019-07-19,37674.0
2019-07-22,38358.0
2019-07-23,38380.0
2019-07-24,38406.0
2019-07-25,38719.0
2019-07-26,38719.0
2019-07-29,39079.0
2019-07-30,39253.0
2019-07-31,39602.0
2019-08-01,39647.0
2019-08-02,40110.0
2019-08-05,40247.0
2019-08-06,40414.0
2019-08-07,40815.0
2019-08-08,40837.0
2019-08-09,41173.0
2019-08-12,41197.0
2019-08-13,41508.0
2019-08-14,41530.0
2019-08-15,41552.0
2019-08-16,41574.0
2019-08-19,41574.0
2019-08-20,41574.0
2019-08-21,42077.0
2019-08-22,42031.0
2019-08-23,42076.0
2019-08-26,42276.0
2019-08-27,42804.0
2019-08-28,43232.0
2019-08-29,43519.0
2019-08-30,43829.0
2019-09-02,43829.0
2019-09-03,44113.0
2019-09-04,44113.0
2019-09-05,44113.0
2019-09-06,44254.0
2019-09-09,43950.0
2019-09-10,44214.0
2019-09-11,44472.0
2019-09-12,44851.0
2019-09-13,44451.0
2019-09-16,44051.0
2019-09-17,43901.0
2019-09-18,43901.0
2019-09-19,42437.0
2019-09-20,41238.0
2019-09-23,41238.0
2019-09-24,40738.0
2019-09-25,40738.0
2019-09-26,40675.0
2019-09-27,39997.0
2019-09-30,39719.0
2019-10-01,39644.0
2019-10-02,39688.0
2019-10-03,39191.0
2019-10-04,39013.0
2019-10-07,38848.0
2019-10-08,38635.0
2019-10-09,38811.0
2019-10-10,38883.0
2019-10-11,38209.0
2019-10-14,37430.0
2019-10-15,37408.0
2019-10-16,37355.0
2019-10-17,37265.0
2019-10-18,35888.0
2019-10-21,35100.0
2019-10-22,34855.0
2019-10-23,35100.0
2019-10-24,34887.0
2019-10-25,34713.0
2019-10-28,34983.0
2019-10-29,35318.0
2019-10-30,36025.0
2019-10-31,36285.0
2019-11-01,36549.0
2019-11-04,36547.0
2019-11-05,36679.0
2019-11-06,37060.0
2019-11-07,37529.0
2019-11-08,37902.0
2019-11-11,38397.0
2019-11-12,38812.0
2019-11-13,39204.0
2019-11-14,39518.0
2019-11-15,39843.0
2019-11-18,39904.0
2019-11-19,39989.0
2019-11-20,40075.0
2019-11-21,40097.0
2019-11-22,40097.0
2019-11-25,40097.0
2019-11-26,40097.0
2019-11-27,40097.0
2019-11-29,40097.0
2019-12-02,40097.0
2019-12-03,40097.0
2019-12-04,40097.0
2019-12-05,40119.0
2019-12-06,40186.0
2019-12-09,40089.0
2019-12-10,40089.0
2019-12-11,40111.0
2019-12-12,40111.0
2019-12-13,40111.0
2019-12-16,40111.0
2019-12-17,39999.0
2019-12-18,39999.0
2019-12-19,39977.0
2019-12-20,39958.0
2019-12-23,39958.0
2019-12-24,39958.0
2019-12-26,39958.0
2019-12-27,38354.0
2019-12-30,37951.0
2019-12-31,37550.0
2020-01-02,37550.0
2020-01-03,36975.0
2020-01-06,36397.0
2020-01-07,35997.0
2020-01-08,35601.0
2020-01-09,35601.0
2020-01-10,35237.0
2020-01-13,35237.0
2020-01-14,35237.0
2020-01-15,35194.0
2020-01-16,34969.0
2020-01-17,34703.0
2020-01-21,34395.0
2020-01-22,34858.0
2020-01-23,35512.0
2020-01-24,34838.0
2020-01-27,34136.0
2020-01-28,33627.0
2020-01-29,32822.0
2020-01-30,32420.0
2020-01-31,31415.0
2020-02-03,30474.0
2020-02-04,30373.0
2020-02-05,29956.0
2020-02-06,29852.0
2020-02-07,29551.0
2020-02-10,29453.0
2020-02-11,29439.0
2020-02-12,29439.0
2020-02-13,29338.0
2020-02-14,29338.0
2020-02-18,29338.0
2020-02-19,29456.0
2020-02-20,28957.0
2020-02-21,28957.0
2020-02-24,28957.0
2020-02-25,28957.0
2020-02-26,28957.0
2020-02-27,28943.0
2020-02-28,28943.0
2020-03-02,28617.0
2020-03-03,28744.0
2020-03-04,28342.0
2020-03-05,28080.0
2020-03-06,27773.0
2020-03-09,27574.0
2020-03-10,27822.0
2020-03-11,27756.0
2020-03-12,27880.0
2020-03-13,27655.0
2020-03-16,27673.0
2020-03-17,27404.0
2020-03-18,27474.0
2020-03-19,27712.0
2020-03-20,27996.0
2020-03-23,29088.0
2020-03-24,29720.0
2020-03-25,30098.0
2020-03-26,30662.0
2020-03-27,31322.0
2020-03-30,31651.0
2020-03-31,32253.0
2020-04-01,32849.0
2020-04-02,33348.0
2020-04-03,33900.0
2020-04-06,34479.0
2020-04-07,35364.0
2020-04-08,36151.0
2020-04-09,37012.0
2020-04-13,37793.0
2020-04-14,39667.0
2020-04-15,40443.0
2020-04-16,41326.0
2020-04-17,41326.0
2020-04-20,41792.0
2020-04-21,41742.0
2020-04-22,42129.0
2020-04-23,42362.0
2020-04-24,42013.0
2020-04-27,41880.0
2020-04-28,42050.0
2020-04-29,42141.0
2020-04-30,42268.0
2020-05-01,42714.0
2020-05-04,42943.0
2020-05-05,43228.0
2020-05-06,43565.0
2020-05-07,43955.0
2020-05-08,44477.0
2020-05-11,45113.0
2020-05-12,45042.0
2020-05-13,45753.0
2020-05-14,46867.0
2020-05-15,48159.0
2020-05-18,49549.0
2020-05-19,51056.0
2020-05-20,52255.0
2020-05-21,53828.0
2020-05-22,55409.0
2020-05-26,56254.0
2020-05-27,57971.0
2020-05-28,59260.0
2020-05-29,60505.0
2020-06-01,61606.0
2020-06-02,63053.0
2020-06-03,64060.0
2020-06-04,65208.0
2020-06-05,66461.0
2020-06-08,67629.0
2020-06-09,68539.0
2020-06-10,69866.0
2020-06-11,71127.0
2020-06-12,72368.0
2020-06-15,73603.0
2020-06-16,74656.0
2020-06-17,75716.0
2020-06-18,76142.0
2020-06-19,75863.0
2020-06-22,76446.0
2020-06-23,76964.0
2020-06-24,77488.0
2020-06-25,77946.0
2020-06-26,79148.0
2020-06-29,80101.0
2020-06-30,80373.0
2020-07-01,83280.0
2020-07-02,84320.0
2020-07-03,84320.0
2020-07-06,86086.0
2020-07-07,87106.0
2020-07-08,87963.0
2020-07-09,88634.0
2020-07-10,89146.0
2020-07-13,88944.0
2020-07-14,88960.0
2020-07-15,88659.0
2020-07-16,88458.0
2020-07-17,88410.0
2020-07-20,89210.0
2020-07-21,89765.0
2020-07-22,89463.0
2020-07-23,89173.0
2020-07-24,89091.0
2020-07-27,89186.0
2020-07-28,89181.0
2020-07-29,89093.0
2020-07-30,89092.0
2020-07-31,89049.0
2020-08-03,89284.0
2020-08-04,89284.0
2020-08-05,88734.0
2020-08-06,88511.0
2020-08-07,88511.0
2020-08-10,88511.0
2020-08-11,88511.0
2020-08-12,88511.0
2020-08-13,88313.0
2020-08-14,88247.0
2020-08-17,88208.0
2020-08-18,88098.0
2020-08-19,87794.0
2020-08-20,87684.0
2020-08-21,87395.0
2020-08-24,87127.0
2020-08-25,86933.0
2020-08-26,86441.0
2020-08-27,86063.0
2020-08-28,85862.0
2020-08-31,85425.0
2020-09-01,85270.0
2020-09-02,84722.0
2020-09-03,84183.0
2020-09-04,83654.0
2020-09-08,83279.0
2020-09-09,82828.0
2020-09-10,82828.0
2020-09-11,82352.0
2020-09-14,82052.0
2020-09-15,82052.0
2020-09-16,81802.0
2020-09-17,81299.0
2020-09-18,81199.0
2020-09-21,80974.0
2020-09-22,80930.0
2020-09-23,80831.0
2020-09-24,80831.0
2020-09-25,80743.0
2020-09-28,80831.0
2020-09-29,79843.0
2020-09-30,79843.0
2020-10-01,79843.0
2020-10-02,79743.0
2020-10-05,79743.0
2020-10-06,79743.0
2020-10-07,78941.0
2020-10-08,78941.0
2020-10-09,78740.0
2020-10-12,78581.0
2020-10-13,78581.0
2020-10-14,78279.0
2020-10-15,78279.0
2020-10-16,78179.0
2020-10-19,78179.0
2020-10-20,78179.0
2020-10-21,78179.0
2020-10-22,78179.0
2020-10-23,78179.0
2020-10-26,79838.0
2020-10-27,79838.0
2020-10-28,79760.0
2020-10-29,79760.0
2020-10-30,79945.0
2020-11-02,79945.0
2020-11-03,79942.0
2020-11-04,80844.0
2020-11-05,81095.0
2020-11-06,81095.0
2020-11-09,81095.0
2020-11-10,82007.0
2020-11-11,82486.0
2020-11-12,82486.0
2020-11-13,82504.0
2020-11-16,82504.0
2020-11-17,82504.0
2020-11-18,82203.0
2020-11-19,81891.0
2020-11-20,81592.0
2020-11-23,81592.0
2020-11-24,81592.0
2020-11-25,81592.0
2020-11-27,81592.0
2020-11-30,81592.0
2020-12-01,81191.0
2020-12-02,80725.0
2020-12-03,80725.0
2020-12-04,80474.0
2020-12-07,80474.0
2020-12-08,79940.0
2020-12-09,79940.0
2020-12-10,79940.0
2020-12-11,79715.0
2020-12-14,79264.0
2020-12-15,78687.0
2020-12-16,78084.0
2020-12-17,79180.0
2020-12-18,78386.0
2020-12-21,77986.0
2020-12-22,77727.0
2020-12-23,77345.0
2020-12-24,76844.0
2020-12-28,77091.0
2020-12-29,76908.0
2020-12-30,77599.0
2020-12-31,77599.0
2021-01-01,77599.0
2021-01-04,77411.0
2021-01-05,78273.0
2021-01-06,78692.0
2021-01-07,79259.0
2021-01-08,79644.0
2021-01-11,79206.0
2021-01-12,78938.0
2021-01-13,78587.0
2021-01-14,78058.0
2021-01-15,78058.0
2021-01-18,78058.0
2021-01-19,77494.0
2021-01-20,77134.0
2021-01-21,76534.0
2021-01-22,75682.0
2021-01-25,75006.0
2021-01-26,75307.0
2021-01-27,75087.0
2021-01-28,74612.0
2021-01-29,74238.0
2021-02-01,73587.0
2021-02-02,72885.0
2021-02-03,71605.0
2021-02-04,70709.0
2021-02-05,70313.0
2021-02-08,69788.0
2021-02-09,69106.0
2021-02-10,68134.0
2021-02-11,66928.0
2021-02-12,66381.0
2021-02-15,66381.0
2021-02-16,65751.0
2021-02-17,64865.0
2021-02-18,64699.0
2021-02-19,65471.0
2021-02-22,66003.0
2021-02-23,66542.0
2021-02-24,67582.0
2021-02-25,68607.0
2021-02-26,69556.0
2021-03-01,69358.0
2021-03-02,70130.0
2021-03-03,70019.0
2021-03-04,70045.0
2021-03-05,69856.0
2021-03-08,69707.0
2021-03-09,69663.0
2021-03-10,69552.0
2021-03-11,69508.0
2021-03-12,69660.0
2021-03-15,69660.0
2021-03-16,70149.0
2021-03-17,70149.0
2021-03-18,70448.0
2021-03-19,70949.0
2021-03-22,71149.0
2021-03-23,70837.0
2021-03-24,72285.0
2021-03-25,71984.0
2021-03-26,71742.0
2021-03-29,71501.0
2021-03-30,71435.0
2021-03-31,71435.0
2021-04-01,72211.0
2021-04-05,71616.0
2021-04-06,70758.0
2021-04-07,70473.0
2021-04-08,70189.0
2021-04-09,69911.0
2021-04-12,69692.0
2021-04-13,69430.0
2021-04-14,69671.0
2021-04-15,69263.0
2021-04-16,68877.0
2021-04-19,68430.0
2021-04-20,68273.0
2021-04-21,67839.0
2021-04-22,67353.0
2021-04-23,66992.0
2021-04-26,66877.0
2021-04-27,66738.0
2021-04-28,66668.0
2021-04-29,66668.0
2021-04-30,66536.0
2021-05-03,66405.0
2021-05-04,66078.0
2021-05-05,65946.0
2021-05-06,65505.0
2021-05-07,65329.0
2021-05-10,64980.0
2021-05-11,64673.0
2021-05-12,64115.0
2021-05-13,63896.0
2021-05-14,63612.0
2021-05-17,63285.0
2021-05-18,63109.0
2021-05-19,62788.0
2021-05-20,62785.0
2021-05-21,62308.0
2021-05-24,62242.0
2021-05-25,61982.0
2021-05-26,61730.0
2021-05-27,61576.0
2021-05-28,60883.0
2021-06-01,60708.0
2021-06-02,60203.0
2021-06-03,59765.0
2021-06-04,59490.0
2021-06-07,59203.0
2021-06-08,58475.0
2021-06-09,57777.0
2021-06-10,57157.0
2021-06-11,56433.0
2021-06-14,55414.0
2021-06-15,55326.0
2021-06-16,54514.0
2021-06-17,54038.0
2021-06-18,53317.0
2021-06-21,52355.0
2021-06-22,51805.0
2021-06-23,51355.0
2021-06-24,51209.0
2021-06-25,50604.0
2021-06-28,50079.0
2021-06-29,50036.0
2021-06-30,49713.0
2021-07-01,49649.0
2021-07-02,49345.0
2021-07-06,48878.0
2021-07-07,47683.0
2021-07-08,47287.0
2021-07-09,47143.0
2021-07-12,46970.0
2021-07-13,46400.0
2021-07-14,45963.0
2021-07-15,45687.0
2021-07-16,45355.0
2021-07-19,45355.0
2021-07-20,45204.0
2021-07-21,44905.0
2021-07-22,44905.0
2021-07-23,44806.0
2021-07-26,44729.0
2021-07-27,44729.0
2021-07-28,45438.0
2021-07-29,45438.0
2021-07-30,45885.0
2021-08-02,45885.0
2021-08-03,45753.0
2021-08-04,45687.0
2021-08-05,45687.0
2021-08-06,45811.0
2021-08-09,45986.0
2021-08-10,46112.0
2021-08-11,46287.0
2021-08-12,46287.0
2021-08-13,46287.0
2021-08-16,46533.0
2021-08-17,46757.0
2021-08-18,47121.0
2021-08-19,47825.0
2021-08-20,48223.0
2021-08-23,48223.0
2021-08-24,49673.0
2021-08-25,50273.0
2021-08-26,50388.0
2021-08-27,50561.0
2021-08-30,50811.0
2021-08-31,50811.0
2021-09-01,50811.0
2021-09-02,50811.0
2021-09-03,50811.0
2021-09-07,50811.0
2021-09-08,51186.0
2021-09-09,51248.0
2021-09-10,51248.0
2021-09-13,51248.0
2021-09-14,51401.0
2021-09-15,51751.0
2021-09-16,52187.0
2021-09-17,52452.0
2021-09-20,52652.0
2021-09-21,52652.0
2021-09-22,52652.0
2021-09-23,52843.0
2021-09-24,52843.0
2021-09-27,52842.0
2021-09-28,54430.0
2021-09-29,55112.0
2021-09-30,56467.0
2021-10-01,56467.0
2021-10-04,56467.0
2021-10-05,56484.0
2021-10-06,56484.0
2021-10-07,56484.0
2021-10-08,56484.0
2021-10-11,56545.0
2021-10-12,56545.0
2021-10-13,56439.0
2021-10-14,56439.0
2021-10-15,56439.0
2021-10-18,56347.0
2021-10-19,56347.0
2021-10-20,56092.0
2021-10-21,56025.0
2021-10-22,55981.0
2021-10-25,55890.0
2021-10-26,56137.0
2021-10-27,56521.0
2021-10-28,56924.0
2021-10-29,57235.0
2021-11-01,57381.0
2021-11-02,58629.0
2021-11-03,58629.0
2021-11-04,59113.0
2021-11-05,59591.0
2021-11-08,60030.0
2021-11-09,58992.0
2021-11-10,59193.0
2021-11-11,57876.0
2021-11-12,57319.0
2021-11-15,56794.0
2021-11-16,56794.0
2021-11-17,57717.0
2021-11-18,58017.0
2021-11-19,58138.0
2021-11-22,58618.0
2021-11-23,59004.0
2021-11-24,59004.0
2021-11-26,59004.0
2021-11-29,58663.0
2021-11-30,58671.0
2021-12-01,58671.0
2021-12-02,58671.0
2021-12-03,58671.0
2021-12-06,58671.0
2021-12-07,58671.0
2021-12-08,58459.0
2021-12-09,58131.0
2021-12-10,58131.0
2021-12-13,58710.0
2021-12-14,58712.0
2021-12-15,59069.0
2021-12-16,59069.0
2021-12-17,59766.0
2021-12-20,60337.0
2021-12-21,61615.0
2021-12-22,62953.0
2021-12-23,64033.0
2021-12-24,64033.0
2021-12-27,65555.0
2021-12-28,66718.0
2021-12-29,67585.0
2021-12-30,68611.0
2021-12-31,69667.0
2022-01-03,70325.0
2022-01-04,70944.0
2022-01-05,71930.0
2022-01-06,72636.0
2022-01-07,74039.0
2022-01-10,75391.0
2022-01-11,76021.0
2022-01-12,76512.0
2022-01-13,77168.0
2022-01-14,78023.0
2022-01-17,78023.0
2022-01-18,78720.0
2022-01-19,79694.0
2022-01-20,80153.0
2022-01-21,80635.0
2022-01-24,81127.0
2022-01-25,81538.0
2022-01-26,81714.0
2022-01-27,81801.0
2022-01-28,81608.0
2022-01-31,81066.0
2022-02-01,80782.0
2022-02-02,80420.0
2022-02-03,80206.0
2022-02-04,79528.0
2022-02-07,79453.0
2022-02-08,79306.0
2022-02-09,79306.0
2022-02-10,79157.0
2022-02-11,78919.0
2022-02-14,78146.0
2022-02-15,76676.0
2022-02-16,75881.0
2022-02-17,75146.0
2022-02-18,73921.0
2022-02-22,73224.0
2022-02-23,72410.0
2022-02-24,71657.0
2022-02-25,71496.0
2022-02-28,70886.0
2022-03-01,70389.0
2022-03-02,70127.0
2022-03-03,70157.0
2022-03-04,69884.0
2022-03-07,69786.0
2022-03-08,69574.0
2022-03-09,69507.0
2022-03-10,69565.0
2022-03-11,69770.0
2022-03-14,69571.0
2022-03-15,71167.0
2022-03-16,71973.0
2022-03-17,72060.0
2022-03-18,72648.0
2022-03-21,72995.0
2022-03-22,73229.0
2022-03-23,73297.0
2022-03-24,73345.0
2022-03-25,73680.0
2022-03-28,73904.0
2022-03-29,74229.0
2022-03-30,74523.0
2022-03-31,74733.0
2022-04-01,74331.0
2022-04-04,74518.0
2022-04-05,74730.0
2022-04-06,75052.0
2022-04-07,75371.0
2022-04-08,75373.0
2022-04-11,75485.0
2022-04-12,78309.0
2022-04-13,78859.0
2022-04-14,79330.0
2022-04-18,80116.0
2022-04-19,80470.0
2022-04-20,80880.0
2022-04-21,80746.0
2022-04-22,80599.0
2022-04-25,81321.0
2022-04-26,82655.0
2022-04-27,83240.0
2022-04-28,83756.0
2022-04-29,84014.0
2022-05-02,83504.0
2022-05-03,83552.0
2022-05-04,83325.0
2022-05-05,83161.0
2022-05-06,85980.0
2022-05-09,85317.0
2022-05-10,84598.0
2022-05-11,84133.0
2022-05-12,83472.0
2022-05-13,83115.0
2022-05-16,82491.0
2022-05-17,81184.0
2022-05-18,81045.0
2022-05-19,80953.0
2022-05-20,79742.0
2022-05-23,79943.0
2022-05-24,80584.0
2022-05-25,80259.0
2022-05-26,80574.0
2022-05-27,80050.0
2022-05-31,79652.0
2022-06-01,79143.0
2022-06-02,79712.0
2022-06-03,79291.0
2022-06-06,79490.0
2022-06-07,79315.0
2022-06-08,79577.0
2022-06-09,80186.0
2022-06-10,80549.0
2022-06-13,79989.0
2022-06-14,80420.0
2022-06-15,80420.0
2022-06-16,80420.0
2022-06-17,80420.0
2022-06-20,80420.0
2022-06-21,80420.0
2022-06-22,79427.0
2022-06-23,79114.0
2022-06-24,78779.0
2022-06-27,78581.0
2022-06-28,76158.0
2022-06-29,75509.0
2022-06-30,74345.0
2022-07-01,73505.0
2022-07-05,73505.0
2022-07-06,73216.0
2022-07-07,70822.0
2022-07-08,69973.0
2022-07-11,69850.0
2022-07-12,67981.0
2022-07-13,67870.0
2022-07-14,66606.0
2022-07-15,66070.0
2022-07-18,65098.0
2022-07-19,64487.0
2022-07-20,63824.0
2022-07-21,63361.0
2022-07-22,62598.0
2022-07-25,61785.0
2022-07-26,61341.0
2022-07-27,61341.0
2022-07-28,61115.0
2022-07-29,60891.0
2022-08-01,60740.0
2022-08-02,60590.0
2022-08-03,60240.0
2022-08-04,60090.0
2022-08-05,59414.0
2022-08-08,59014.0
2022-08-09,58613.0
2022-08-10,58035.0
2022-08-11,57437.0
2022-08-12,57146.0
2022-08-15,56436.0
2022-08-16,55922.0
2022-08-17,55460.0
2022-08-18,55160.0
2022-08-19,54648.0
2022-08-22,54123.0
2022-08-23,54048.0
2022-08-24,53547.0
2022-08-25,53321.0
2022-08-26,52664.0
2022-08-29,52052.0
2022-08-30,51712.0
2022-08-31,51077.0
2022-09-01,50720.0
2022-09-02,50074.0
2022-09-06,49600.0
2022-09-07,48623.0
2022-09-08,48221.0
2022-09-09,47981.0
2022-09-12,47630.0
2022-09-13,47405.0
2022-09-14,46931.0
2022-09-15,46602.0
2022-09-16,46251.0
2022-09-19,45802.0
2022-09-20,45714.0
2022-09-21,45299.0
2022-09-22,45403.0
2022-09-23,45262.0
2022-09-26,45304.0
2022-09-27,45366.0
2022-09-28,45087.0
2022-09-29,45149.0
2022-09-30,44931.0
2022-10-03,44951.0
2022-10-04,44949.0
2022-10-05,44653.0
2022-10-06,44653.0
2022-10-07,44434.0
2022-10-10,43871.0
2022-10-11,43324.0
2022-10-12,42937.0
2022-10-13,41869.0
2022-10-14,41276.0
2022-10-17,40762.0
2022-10-18,40700.0
2022-10-19,40402.0
2022-10-20,39931.0
2022-10-21,39852.0
2022-10-24,39446.0
2022-10-25,38892.0
2022-10-26,38037.0
2022-10-27,37479.0
2022-10-28,37374.0
2022-10-31,36971.0
2022-11-01,36828.0
2022-11-02,36529.0
2022-11-03,36529.0
2022-11-04,36529.0
2022-11-07,36230.0
2022-11-08,36230.0
2022-11-09,36230.0
2022-11-10,36230.0
2022-11-11,35929.0
2022-11-14,35630.0
2022-11-15,36182.0
2022-11-16,36626.0
2022-11-17,36737.0
2022-11-18,37248.0
2022-11-21,36948.0
2022-11-22,37896.0
2022-11-23,37596.0
2022-11-25,37596.0
2022-11-28,37396.0
2022-11-29,37146.0
2022-11-30,36847.0
2022-12-01,36847.0
2022-12-02,36546.0
2022-12-05,36245.0
2022-12-06,35864.0
2022-12-07,35565.0
2022-12-08,35513.0
2022-12-09,35169.0
2022-12-12,34742.0
2022-12-13,34616.0
2022-12-14,34705.0
2022-12-15,35097.0
2022-12-16,34843.0
2022-12-19,35968.0
2022-12-20,35886.0
2022-12-21,35606.0
2022-12-22,35694.0
2022-12-23,35494.0
2022-12-26,35494.0
2022-12-27,35494.0
2022-12-28,35394.0
2022-12-29,35394.0
2022-12-30,35091.0
2023-01-02,35091.0
2023-01-03,34929.0
2023-01-04,34929.0
2023-01-05,34929.0
2023-01-06,34049.0
2023-01-09,34049.0
2023-01-10,33948.0
2023-01-11,33550.0
2023-01-12,33250.0
2023-01-13,33250.0
2023-01-16,33238.0
2023-01-17,33238.0
2023-01-18,33238.0
2023-01-19,32573.0
2023-01-20,32116.0
2023-01-23,32084.0
2023-01-24,31673.0
2023-01-25,31133.0
2023-01-26,30658.0
2023-01-27,30135.0
2023-01-30,29462.0
2023-01-31,28543.0
2023-02-01,27990.0
2023-02-02,27703.0
2023-02-03,26599.0
2023-02-06,26362.0
2023-02-07,25853.0
2023-02-08,25480.0
2023-02-09,25062.0
2023-02-10,24157.0
2023-02-13,23848.0
2023-02-14,23396.0
2023-02-15,23035.0
2023-02-16,22332.0
2023-02-17,21654.0
2023-02-20,21654.0
2023-02-21,20833.0
2023-02-22,19948.0
2023-02-23,19292.0
2023-02-24,18614.0
2023-02-27,17962.0
2023-02-28,17072.0
2023-03-01,16533.0
2023-03-02,16279.0
2023-03-03,15962.0
2023-03-06,15854.0
2023-03-07,15446.0
2023-03-08,15337.0
2023-03-09,15226.0
2023-03-10,15128.0
2023-03-13,15128.0
2023-03-14,15128.0
2023-03-15,15128.0
2023-03-16,15128.0
2023-03-17,14827.0
2023-03-20,14827.0
2023-03-21,14627.0
2023-03-22,14627.0
2023-03-23,14627.0
2023-03-24,14952.0
2023-03-27,15400.0
2023-03-28,15624.0
2023-03-29,16027.0
2023-03-30,16278.0
2023-03-31,16543.0
2023-04-03,16942.0
2023-04-04,17503.0
2023-04-05,18197.0
2023-04-06,18749.0
2023-04-10,19447.0
2023-04-11,20062.0
2023-04-12,20817.0
2023-04-13,21679.0
2023-04-14,22301.0
2023-04-17,23194.0
2023-04-18,23835.0
2023-04-19,24484.0
2023-04-20,25262.0
2023-04-21,25478.0
2023-04-24,26425.0
2023-04-25,27249.0
2023-04-26,27497.0
2023-04-27,27647.0
2023-04-28,27647.0
2023-05-01,27647.0
2023-05-02,27647.0
2023-05-03,27647.0
2023-05-04,27647.0
2023-05-05,27647.0
2023-05-08,27647.0
2023-05-09,27647.0
2023-05-10,27647.0
2023-05-11,27647.0
2023-05-12,27647.0
2023-05-15,27647.0
2023-05-16,27647.0
2023-05-17,27647.0
2023-05-18,27647.0
2023-05-19,27647.0
2023-05-22,27647.0
2023-05-23,27647.0
2023-05-24,27647.0
2023-05-25,27709.0
2023-05-26,27709.0
2023-05-29,27709.0
2023-05-30,27709.0
2023-05-31,27702.0
2023-06-01,27702.0
2023-06-02,27702.0
2023-06-05,27702.0
2023-06-06,27702.0
2023-06-07,27997.0
2023-06-08,28242.0
2023-06-09,28067.0
2023-06-12,28067.0
2023-06-13,28067.0
2023-06-14,28064.0
2023-06-15,28174.0
2023-06-16,28416.0
2023-06-19,28416.0
2023-06-20,28682.0
2023-06-21,29290.0
2023-06-22,29851.0
2023-06-23,30254.0
2023-06-26,30709.0
2023-06-27,30994.0
2023-06-28,31488.0
2023-06-29,31958.0
2023-06-30,33929.0
2023-07-03,34949.0
2023-07-04,34949.0
2023-07-05,35394.0
2023-07-06,35746.0
2023-07-07,36298.0
2023-07-10,36648.0
2023-07-11,37634.0
2023-07-12,38301.0
2023-07-13,39874.0
2023-07-14,40905.0
2023-07-17,41079.0
2023-07-18,41079.0
2023-07-19,41535.0
2023-07-20,42829.0
2023-07-21,44333.0
2023-07-24,46084.0
2023-07-25,45984.0
2023-07-26,45619.0
2023-07-27,45252.0
2023-07-28,43396.0
2023-07-31,43460.0
2023-08-01,43460.0
2023-08-02,43637.0
2023-08-03,43658.0
2023-08-04,43537.0
2023-08-07,43579.0
2023-08-08,43797.0
2023-08-09,43700.0
2023-08-10,43701.0
2023-08-11,43385.0
2023-08-14,43268.0
2023-08-15,43131.0
2023-08-16,42905.0
2023-08-17,43345.0
2023-08-18,41444.0
2023-08-21,40292.0
2023-08-22,39117.0
2023-08-23,37577.0
2023-08-24,36199.0
2023-08-25,34958.0
2023-08-28,33801.0
2023-08-29,33281.0
2023-08-30,32877.0
2023-08-31,32404.0
2023-09-01,31914.0
2023-09-04,31914.0
2023-09-05,31306.0
2023-09-06,30018.0
2023-09-07,28722.0
2023-09-08,27870.0
2023-09-11,27448.0
2023-09-12,26815.0
2023-09-13,26340.0
2023-09-14,25894.0
2023-09-15,25894.0
2023-09-18,25939.0
2023-09-19,25384.0
2023-09-20,25384.0
2023-09-21,25362.0
2023-09-22,25362.0
2023-09-25,25362.0
2023-09-26,25362.0
2023-09-27,25362.0
2023-09-28,25339.0
2023-09-29,25339.0
2023-10-02,25340.0
2023-10-03,25340.0
2023-10-04,25340.0
2023-10-05,25035.0
2023-10-06,24774.0
2023-10-09,24605.0
2023-10-10,24409.0
2023-10-11,24260.0
2023-10-12,24214.0
2023-10-13,24209.0
2023-10-16,24209.0
2023-10-17,23808.0
2023-10-18,23808.0
2023-10-19,23808.0
2023-10-20,23808.0
2023-10-23,23808.0
2023-10-24,23608.0
2023-10-25,23522.0
2023-10-26,23477.0
2023-10-27,22721.0
2023-10-30,22121.0
2023-10-31,21921.0
2023-11-01,21322.0
2023-11-02,21322.0
2023-11-03,20624.0
2023-11-06,20524.0
2023-11-07,20423.0
2023-11-08,20423.0
2023-11-09,20402.0
2023-11-10,20402.0
2023-11-13,20402.0
2023-11-14,20402.0
2023-11-15,20307.0
2023-11-16,20216.0
2023-11-17,19815.0
2023-11-20,19793.0
2023-11-21,20895.0
2023-11-22,21866.0
2023-11-23,21866.0
2023-11-24,21538.0
2023-11-27,22970.0
2023-11-28,20590.0
2023-11-29,20184.0
2023-11-30,19655.0
2023-12-01,18845.0
2023-12-04,18346.0
2023-12-05,17686.0
2023-12-06,16969.0
2023-12-07,16485.0
2023-12-08,16199.0
2023-12-11,15759.0
2023-12-12,17007.0
2023-12-13,16985.0
2023-12-14,16985.0
2023-12-15,16788.0
2023-12-18,16701.0
2023-12-19,17064.0
2023-12-20,17514.0
2023-12-21,17605.0
2023-12-22,18039.0
2023-12-26,18561.0
2023-12-27,18561.0
2023-12-28,18215.0
2023-12-29,18810.0
2024-01-02,19009.0
2024-01-03,19224.0
2024-01-04,19332.0
2024-01-05,19602.0
2024-01-08,19934.0
2024-01-09,19934.0
2024-01-10,19698.0
2024-01-11,19772.0
2024-01-12,19568.0
2024-01-16,20454.0
2024-01-17,20386.0
2024-01-18,20136.0
2024-01-19,20972.0
2024-01-22,21449.0
2024-01-23,22368.0
2024-01-24,23351.0
2024-01-25,23860.0
2024-01-26,24365.0
2024-01-29,24639.0
2024-01-30,24243.0
2024-01-31,24243.0
2024-02-01,23674.0
2024-02-02,24680.0
2024-02-05,24369.0
2024-02-06,23605.0
2024-02-07,23303.0
2024-02-08,23106.0
2024-02-09,22557.0
2024-02-12,22726.0
2024-02-13,23618.0
2024-02-14,23639.0
2024-02-15,24122.0
2024-02-16,24880.0
2024-02-20,25485.0
2024-02-21,26940.0
2024-02-22,27689.0
2024-02-23,28585.0
2024-02-26,29265.0
2024-02-27,29259.0
2024-02-28,29562.0
2024-02-29,29031.0
2024-03-01,28853.0
2024-03-04,28464.0
2024-03-05,28924.0
2024-03-06,29434.0
2024-03-07,29937.0
2024-03-08,30817.0
2024-03-11,30836.0
2024-03-12,31108.0
2024-03-13,30603.0
2024-03-14,30316.0
2024-03-15,30303.0
2024-03-18,29880.0
2024-03-19,30081.0
2024-03-20,30423.0
2024-03-21,30863.0
2024-03-22,30772.0
2024-03-25,30879.0
2024-03-26,30951.0
2024-03-27,30504.0
2024-03-28,30059.0
2024-04-01,29905.0
2024-04-02,29891.0
2024-04-03,29618.0
2024-04-04,29684.0
2024-04-05,29454.0
2024-04-08,29505.0
2024-04-09,29607.0
2024-04-10,29285.0
2024-04-11,29173.0
2024-04-12,28998.0
2024-04-15,28707.0
2024-04-16,28170.0
2024-04-17,27801.0
2024-04-18,27256.0
2024-04-19,26810.0
2024-04-22,26830.0
2024-04-23,26550.0
2024-04-24,26173.0
2024-04-25,25551.0
2024-04-26,25057.0
2024-04-29,24612.0
2024-04-30,24400.0
2024-05-01,23710.0
2024-05-02,23610.0
2024-05-03,23637.0
2024-05-06,23216.0
2024-05-07,23199.0
2024-05-08,22677.0
2024-05-09,22036.0
2024-05-10,21530.0
2024-05-13,21310.0
2024-05-14,21066.0
2024-05-15,20723.0
2024-05-16,20445.0
2024-05-17,20110.0
2024-05-20,19922.0
2024-05-21,19569.0
2024-05-22,19196.0
2024-05-23,18871.0
2024-05-24,18863.0
2024-05-27,18863.0
2024-05-28,18518.0
2024-05-29,17887.0
2024-05-30,17476.0
2024-05-31,16607.0
2024-06-03,16295.0
2024-06-04,15674.0
2024-06-05,14799.0
2024-06-06,14472.0
2024-06-07,13746.0
2024-06-10,12840.0
2024-06-11,11809.0
2024-06-12,11256.0
2024-06-13,10509.0
2024-06-14,9737.0
2024-06-17,9515.0
2024-06-18,9165.0
2024-06-19,9165.0
2024-06-20,9165.0
2024-06-21,9120.0
2024-06-24,9120.0
2024-06-25,9120.0
2024-06-26,9120.0
2024-06-27,9046.0
2024-06-28,9046.0
2024-07-01,8947.0
2024-07-02,8947.0
2024-07-03,8947.0
2024-07-04,8947.0
2024-07-05,8947.0
2024-07-08,8947.0
2024-07-09,9059.0
2024-07-10,9250.0
2024-07-11,9396.0
2024-07-12,9850.0
2024-07-15,10188.0
2024-07-16,10626.0
2024-07-17,11192.0
2024-07-18,11329.0
2024-07-19,11411.0
2024-07-22,11549.0
2024-07-23,12159.0
2024-07-24,12638.0
2024-07-25,13240.0
2024-07-26,13909.0
2024-07-29,14050.0
2024-07-30,14252.0
2024-07-31,14720.0
2024-08-01,15026.0
2024-08-02,15864.0
2024-08-05,16200.0
2024-08-06,17161.0
2024-08-07,19711.0
2024-08-08,22543.0
2024-08-09,22728.0
2024-08-12,23445.0
2024-08-13,23488.0
2024-08-14,24008.0
2024-08-15,24423.0
2024-08-16,25089.0
2024-08-19,26036.0
2024-08-20,28127.0
2024-08-21,29388.0
2024-08-22,31315.0
2024-08-23,33800.0
2024-08-26,35909.0
2024-08-27,37686.0
2024-08-28,39030.0
2024-08-29,40006.0
2024-08-30,40117.0
2024-09-02,40117.0
2024-09-03,40117.0
2024-09-04,40117.0
2024-09-05,40117.0
2024-09-06,40018.0
2024-09-09,40018.0
2024-09-10,40018.0
2024-09-11,39997.0
2024-09-12,39997.0
2024-09-13,39892.0
2024-09-16,39968.0
2024-09-17,40019.0
2024-09-18,40309.0
2024-09-19,40777.0
2024-09-20,40972.0
2024-09-23,54013.0
2024-09-24,56848.0
2024-09-25,58578.0
2024-09-26,60625.0
2024-09-27,62141.0
2024-09-30,63545.0
2024-10-01,64461.0
2024-10-02,65528.0
2024-10-03,66610.0
2024-10-04,70848.0
2024-10-07,71899.0
2024-10-08,73420.0
2024-10-09,75096.0
2024-10-10,76012.0
2024-10-11,76582.0
2024-10-14,77227.0
2024-10-15,77938.0
2024-10-16,77873.0
2024-10-17,78059.0
2024-10-18,78465.0
2024-10-21,80534.0
2024-10-22,81681.0
2024-10-23,82479.0
2024-10-24,83811.0
2024-10-25,85695.0
2024-10-28,86935.0
2024-10-29,87479.0
2024-10-30,88843.0
2024-10-31,88719.0
2024-11-01,89018.0
2024-11-04,89019.0
2024-11-05,89017.0
2024-11-06,89017.0
2024-11-07,88893.0
2024-11-08,88802.0
2024-11-11,88610.0
2024-11-12,88610.0
2024-11-13,88892.0
2024-11-14,89466.0
2024-11-15,89238.0
2024-11-18,89217.0
2024-11-19,88935.0
2024-11-20,88769.0
2024-11-21,88610.0
2024-11-22,88466.0
2024-11-25,88409.0
2024-11-26,88333.0
2024-11-27,90696.0
2024-11-28,90696.0
2024-11-29,90696.0
2024-12-02,90963.0
2024-12-03,91035.0
2024-12-04,92502.0
2024-12-05,92371.0
2024-12-06,92929.0
2024-12-09,93597.0
2024-12-10,93540.0
2024-12-11,93542.0
2024-12-12,94420.0
2024-12-13,94035.0
2024-12-16,94383.0
2024-12-17,94058.0
2024-12-18,93472.0
2024-12-19,93193.0
2024-12-20,93550.0
2024-12-23,94754.0
2024-12-24,95217.0
2024-12-26,95638.0
2024-12-27,95590.0
2024-12-30,95170.0
2024-12-31,93161.0
2025-01-02,93372.0
2025-01-03,95316.0
2025-01-06,95478.0
2025-01-07,94659.0
2025-01-08,96384.0
2025-01-09,96021.0
2025-01-10,95895.0
2025-01-13,95640.0
2025-01-14,95356.0
2025-01-15,95236.0
2025-01-16,95499.0
2025-01-17,96167.0
2025-01-20,96167.0
2025-01-21,97085.0
2025-01-22,97504.0
2025-01-23,97517.0
2025-01-24,97591.0
2025-01-27,97867.0
2025-01-28,98045.0
2025-01-29,97625.0
2025-01-30,98053.0
2025-01-31,98237.0
2025-02-03,98774.0
2025-02-04,99156.0
2025-02-05,99685.0
2025-02-06,99880.0
2025-02-07,99833.0
2025-02-10,100184.0
2025-02-11,100302.0
2025-02-12,100341.0
2025-02-13,100664.0
2025-02-14,100347.0
2025-02-18,99236.0
2025-02-19,98535.0
2025-02-20,97658.0
2025-02-21,96941.0
2025-02-24,96641.0
2025-02-25,96760.0
2025-02-26,96139.0
2025-02-27,94322.0
2025-02-28,93481.0
2025-03-03,93137.0
2025-03-04,92834.0
2025-03-05,92834.0
2025-03-06,92458.0
2025-03-07,92509.0
2025-03-10,92472.0
2025-03-11,92821.0
2025-03-12,92815.0
2025-03-13,92797.0
2025-03-14,93439.0
2025-03-17,93531.0
2025-03-18,92919.0
2025-03-19,93154.0
2025-03-20,93280.0
2025-03-21,93410.0
2025-03-24,93522.0
2025-03-25,93747.0
2025-03-26,93805.0
2025-03-27,94251.0
2025-03-28,94466.0
2025-03-31,96175.0
2025-04-01,97524.0
2025-04-02,101209.0
2025-04-03,104056.0
2025-04-04,104659.0
2025-04-07,105878.0
2025-04-08,107154.0
2025-04-09,111672.0
2025-04-10,117131.0
2025-04-11,117821.0
2025-04-14,119772.0
2025-04-15,120418.0
2025-04-16,121585.0
2025-04-17,123127.0
2025-04-21,125795.0
2025-04-22,128259.0
2025-04-23,129816.0
2025-04-24,131519.0
2025-04-25,131976.0
2025-04-28,135144.0
2025-04-29,137759.0
2025-04-30,144023.0
2025-05-01,146550.0
2025-05-02,149326.0
2025-05-05,152616.0
2025-05-06,154632.0
2025-05-07,156623.0
2025-05-08,158717.0
2025-05-09,160250.0
2025-05-12,163458.0
2025-05-13,165112.0
2025-05-14,167040.0
2025-05-15,168563.0
2025-05-16,169664.0
2025-05-19,170380.0
2025-05-20,171622.0
2025-05-21,173023.0
2025-05-22,174607.0
2025-05-23,175631.0
2025-05-27,178963.0
2025-05-28,179722.0
2025-05-29,180501.0
2025-05-30,180629.0
2025-06-02,182626.0
2025-06-03,184185.0
2025-06-04,185683.0
2025-06-05,186883.0
2025-06-06,187877.0
2025-06-09,189720.0
2025-06-10,190935.0
2025-06-11,192086.0
2025-06-12,193954.0
2025-06-13,196046.0
2025-06-16,197361.0
2025-06-17,198405.0
2025-06-18,199949.0
2025-06-19,199949.0
2025-06-20,201197.0
2025-06-23,203335.0
2025-06-24,204316.0
2025-06-25,206135.0
2025-06-26,207891.0
2025-06-27,209281.0
2025-06-30,211209.0
2025-07-01,212139.0
2025-07-02,213171.0
2025-07-03,220954.0
2025-07-04,220954.0
2025-07-08,221788.0
2025-07-09,223407.0
2025-07-10,231143.0
2025-07-11,234204.0
2025-07-14,236454.0
2025-07-15,238264.0
2025-07-16,239435.0
2025-07-17,241814.0
2025-07-18,242837.0
2025-07-21,243363.0
2025-07-22,243781.0
2025-07-23,245508.0
2025-07-24,247859.0
2025-07-25,248635.0
2025-07-28,250819.0
2025-07-29,253431.0
2025-07-30,255948.0
2025-07-31,257915.0
2025-08-01,259681.0
2025-08-04,261180.0
2025-08-05,262190.0
2025-08-06,263104.0
2025-08-07,263296.0
2025-08-08,264140.0
2025-08-11,265196.0
2025-08-12,265889.0
2025-08-13,266795.0
2025-08-14,266804.0
2025-08-15,267195.0
2025-08-18,269070.0
2025-08-19,269943.0
2025-08-20,270536.0
2025-08-21,271696.0
2025-08-22,271482.0
2025-08-25,272500.0
2025-08-26,272105.0
2025-08-27,273767.0
2025-08-28,275226.0
2025-08-29,277843.0
2025-09-02,281075.0
2025-09-03,284400.0
2025-09-04,302744.0
2025-09-05,305345.0
2025-09-08,305779.0
2025-09-09,307696.0
2025-09-10,308706.0
2025-09-11,309834.0
2025-09-12,310487.0
2025-09-15,311847.0
2025-09-16,312868.0
2025-09-17,312842.0
2025-09-18,315206.0
2025-09-19,316774.0
2025-09-22,318285.0
2025-09-23,318386.0
2025-09-24,318229.0
2025-09-25,321056.0
2025-09-26,322284.0
2025-09-29,323207.0
2025-09-30,324087.0
2025-10-01,323960.0
2025-10-02,324949.0
2025-10-03,327073.0
2025-10-06,329850.0
2025-10-07,333574.0
2025-10-08,335521.0
2025-10-09,338159.0
2025-10-10,339525.0
2025-10-13,340875.0
2025-10-14,342280.0
2025-10-15,343235.0
2025-10-16,344652.0
2025-10-17,345581.0
2025-10-20,346616.0
2025-10-21,345924.0
2025-10-22,346499.0
2025-10-23,347498.0
2025-10-24,347961.0
2025-10-27,347741.0
2025-10-28,348367.0
2025-10-29,346662.0
2025-10-30,348662.0
2025-10-31,355660.0
2025-11-03,358486.0
2025-11-04,360491.0
2025-11-05,363368.0
2025-11-06,366419.0
2025-11-07,369369.0
2025-11-10,372304.0
2025-11-11,376631.0
2025-11-12,378303.0
2025-11-13,379439.0
2025-11-14,381296.0
